ID,AREA,DATA,MCD,COUNTY,NAME,MCD_NAME,TYPE,POP2000,POPULATION,HISPANIC_O,NH_WHT,NH_DOJ_BLK,NH_DOJ_IND,NH_DOJ_ASN,NH_DOJ_HWN,NH_DOJ_OTH,NH_DOJ_OT1,F18_POP_20,F18_POP,H18_POP,NH18_WHT,NH18_DOJ_B,NH18_DOJ_I,NH18_DOJ_A,NH18_DOJ_H,NH18_DOJ_O,NH18_DOJ_1,USSENGP02,USSENIP02,USSENR02,WELLSTONE,USSENDFL02,USSENCP02,USSENWI02,CONGGP02,CONGIP02,CONGR02,CONGDFL02,CONGNNT02,CONGWI02,MNSENGP02,MNSENIP02,MNSENR02,MNSENDFL02,MNSENCP02,MNSENICP02,MNSENWI02,MNLEGGP02,MNLEGIP02,MNLEGR02,MNLEGDFL02,MNLEGCP02,MNLEGGI02,MNLEGWI02,GOVGP02,GOVIP02,GOVR02,GOVDFL02,GOVCP02,GOVI02,GOVSW02,GOVWI02,SOSGP02,SOSIP02,SOSR02,SOSDFL02,SOSWI02,AGIP02,AGR02,AGDFL02,AGWI02,AUDGP02,AUDIP02,AUDR02,AUDDFL02,AUDWI02,USPRESGP04,USPRESR04,USPRESDFL0,USPRESSE04,USPRESSW04,USPRESCF04,USPRESBL04,USPRESC04,USPRESL04,USPRESWI04,USCONGI04,USCONGR04,USCONGDFL0,USCONGWI04,MNLEGI04,MNLEGR04,MNLEGDFL04,MNLEGWI04,USSENR06,USSENDFL06,USSENIP06,USSENWI06,GOVR06,GOVDFL06,GOVIP06,GOVWI06,AGR06,AGDFL06,AGIP06,AGWI06,SOSR06,SOSDFL06,SOSIP06,SOSWI06,AUDR06,AUDDFL06,AUDWI06,CONGR06,CONGDFL06,CONGIP06,CONGWI06,MNSENR06,MNSENDFL06,MNSENIP06,MNSENWI06,MNLEGR06,MNLEGDFL06,MNLEGIP06,MNLEGWI06,USPRESR08,USPRESDFL1,USPRESGP08,USPRESSWP0,USPRESIND0,USPRESLIB0,USPRESCP08,USPRESWI08,USSENIP08,USSENR08,USSENDFL08,USSENLIB08,USSENCP08,USSENWI08,CONGIP08,CONGR08,CONGDFL08,CONGWI08,MNLEGIP08,MNLEGR08,MNLEGDFL08,MNLEGWI08,CONGIP10,CONGR10,CONGDFL10,CONGWI10,MNSENIP10,MNSENR10,MNSENDFL10,MNSENWI10,MNLEGIP10,MNLEGR10,MNLEGDFL10,MNLEGWI10,GOVIP10,GOVR10,GOVDFL10,GOVGP10,GOVTRP10,GOVGR10,GOVEDP10,GOVWI10,SOSIP10,SOSR10,SOSDFL10,SOSWI10,AUDR10,AUDDFL10,AUDGP10,AUDGR10,AUDWI10,AGIP10,AGR10,AGDFL10,AGTRP10,AGWI10,DEM_INDEX,REP_INDEX,THIRD_INDE,INDEX_VOTE
1646001,2.98,859,2705354808,27053,Robbinsdale City,Robbinsdale,City,14142,13953,647,10395,2153,118,538,9,20,73,11067,10882,393,8631,1353,87,363,8,11,36,21.000,72.000,1566.000,7.000,1901.000,4.000,2.000,190.000,0.000,1274.000,2012.000,0.000,3.000,0.000,0.000,1342.000,2073.000,0.000,0.000,5.000,0.000,0.000,1443.000,1956.000,0.000,0.000,7.000,115.000,549.000,1430.000,1430.000,2.000,24.000,7.000,1.000,111.000,180.000,1476.000,1687.000,1.000,158.000,1285.000,2027.000,0.000,150.000,247.000,1331.000,1630.000,3.000,8.000,1627.000,2587.000,2.000,2.000,10.000,24.000,4.000,5.000,5.000,0.000,1356.000,2477.000,311.000,0.000,1416.000,2283.000,3.000,1738.000,4113.000,231.000,2.000,2230.000,3379.000,460.000,1.000,1877.000,3608.000,237.000,8.000,2022.000,3544.000,200.000,1.000,1823.000,3556.000,6.000,1766.000,2846.000,1264.000,8.000,1853.000,4064.000,0.000,11.000,1933.000,3971.000,0.000,10.000,2744.000,5478.000,14.000,1.000,88.000,34.000,22.000,0.000,1206.000,2652.000,4395.000,42.000,32.000,0.000,660.000,2260.000,4900.000,11.000,0.000,2471.000,5291.000,18.000,220.000,1880.000,3255.000,4.000,0.000,2056.000,3566.000,6.000,0.000,2091.000,3497.000,12.000,631.000,1858.000,3205.000,14.000,5.000,15.000,17.000,9.000,278.000,1885.000,3339.000,3.000,1929.000,3324.000,185.000,93.000,1.000,264.000,1710.000,3530.000,36.000,6.000,,,,
1826622,2.33,2715,2717155006,27171,Rockford City,Rockford,City,3423,3890,76,3601,70,43,79,7,6,8,2314,2750,43,2593,31,30,40,2,5,6,12.000,59.000,1056.000,0.000,582.000,3.000,2.000,0.000,153.000,1052.000,489.000,0.000,2.000,0.000,0.000,1032.000,635.000,0.000,0.000,6.000,0.000,0.000,712.000,732.000,0.000,0.000,205.000,29.000,274.000,982.000,434.000,3.000,8.000,2.000,0.000,25.000,96.000,996.000,577.000,3.000,83.000,901.000,698.000,0.000,54.000,130.000,919.000,555.000,2.000,2.000,1257.000,764.000,0.000,3.000,0.000,9.000,4.000,1.000,2.000,0.000,1200.000,825.000,0.000,0.000,1112.000,834.000,3.000,757.000,727.000,53.000,0.000,895.000,536.000,96.000,0.000,774.000,633.000,77.000,1.000,820.000,572.000,57.000,1.000,764.000,646.000,2.000,844.000,585.000,109.000,0.000,943.000,565.000,0.000,3.000,854.000,635.000,0.000,3.000,1081.000,893.000,5.000,0.000,21.000,17.000,8.000,0.000,405.000,939.000,650.000,14.000,10.000,0.000,290.000,917.000,787.000,0.000,0.000,1064.000,787.000,9.000,82.000,749.000,500.000,1.000,0.000,868.000,483.000,0.000,0.000,837.000,491.000,0.000,140.000,780.000,447.000,1.000,4.000,1.000,5.000,1.000,64.000,761.000,516.000,0.000,764.000,508.000,30.000,23.000,1.000,73.000,692.000,559.000,10.000,1.000,,,,
1844841,21.48,837,2705325622,27053,Greenfield City,Greenfield,City,2544,2777,41,2654,16,19,47,0,0,0,1685,1951,21,1873,8,14,35,0,0,0,3.000,17.000,804.000,1.000,296.000,0.000,0.000,0.000,0.000,844.000,253.000,0.000,1.000,0.000,0.000,735.000,330.000,0.000,0.000,1.000,0.000,141.000,678.000,244.000,0.000,0.000,0.000,10.000,153.000,738.000,205.000,5.000,2.000,0.000,1.000,14.000,61.000,732.000,283.000,0.000,34.000,672.000,385.000,0.000,22.000,81.000,681.000,282.000,0.000,0.000,1016.000,477.000,0.000,0.000,0.000,7.000,0.000,2.000,2.000,0.000,1131.000,329.000,4.000,0.000,837.000,322.000,2.000,723.000,529.000,36.000,0.000,887.000,342.000,61.000,0.000,772.000,411.000,39.000,1.000,794.000,370.000,33.000,0.000,731.000,417.000,1.000,970.000,303.000,0.000,0.000,811.000,414.000,0.000,0.000,866.000,387.000,0.000,0.000,1127.000,537.000,3.000,0.000,10.000,5.000,3.000,0.000,317.000,996.000,353.000,4.000,0.000,0.000,229.000,1039.000,363.000,0.000,0.000,1166.000,440.000,0.000,55.000,980.000,293.000,0.000,0.000,1035.000,0.000,18.000,0.000,1003.000,311.000,1.000,132.000,935.000,275.000,1.000,2.000,4.000,0.000,1.000,39.000,883.000,373.000,0.000,873.000,390.000,23.000,15.000,0.000,45.000,800.000,448.000,8.000,0.000,,,,
1634896,10.52,836,2705324308,27053,Golden Valley City,Golden Valley,City,20286,20371,538,17113,1594,111,852,7,45,111,16112,16316,332,14184,1041,81,583,7,28,60,45.000,150.000,5117.000,78.000,6707.000,9.000,6.000,457.000,0.000,4163.000,7131.000,0.000,8.000,158.000,173.000,4675.000,6629.000,0.000,0.000,5.000,231.000,0.000,5305.000,6110.000,0.000,0.000,13.000,254.000,1824.000,4541.000,5461.000,7.000,27.000,5.000,3.000,492.000,502.000,5242.000,5557.000,5.000,447.000,4362.000,7012.000,10.000,389.000,892.000,4680.000,5509.000,6.000,26.000,5140.000,8611.000,1.000,2.000,8.000,74.000,8.000,34.000,10.000,0.000,4423.000,8491.000,297.000,0.000,4876.000,8095.000,17.000,3335.000,7874.000,349.000,4.000,4351.000,6190.000,957.000,2.000,3736.000,6887.000,447.000,8.000,4038.000,6636.000,355.000,7.000,3758.000,6635.000,6.000,3280.000,4726.000,3257.000,15.000,3726.000,7552.000,0.000,22.000,3813.000,7315.000,0.000,18.000,4563.000,9197.000,20.000,3.000,77.000,40.000,22.000,0.000,1774.000,4760.000,7257.000,39.000,18.000,0.000,885.000,4093.000,8225.000,23.000,0.000,4631.000,8358.000,24.000,323.000,3526.000,6221.000,8.000,0.000,3645.000,6879.000,17.000,0.000,3810.000,6647.000,11.000,1469.000,3291.000,5965.000,21.000,7.000,15.000,21.000,9.000,365.000,3396.000,6574.000,5.000,3558.000,6523.000,233.000,97.000,2.000,387.000,3175.000,6860.000,46.000,6.000,,,,
1884577,35.94,828,2705313168,27053,Corcoran City,Corcoran,City,5629,5379,152,4951,29,35,186,0,0,26,3787,4030,88,3784,11,23,116,0,0,8,11.000,64.000,1947.000,2.000,856.000,2.000,0.000,0.000,0.000,2118.000,671.000,0.000,1.000,0.000,0.000,1847.000,883.000,0.000,0.000,3.000,0.000,358.000,1734.000,637.000,0.000,0.000,1.000,37.000,439.000,1728.000,645.000,10.000,6.000,2.000,0.000,53.000,149.000,1767.000,803.000,2.000,121.000,1529.000,1126.000,0.000,43.000,236.000,1628.000,781.000,3.000,2.000,2211.000,1152.000,0.000,0.000,0.000,14.000,2.000,4.000,2.000,0.000,2390.000,860.000,4.000,0.000,1376.000,775.000,0.000,1400.000,1141.000,75.000,1.000,1674.000,802.000,126.000,0.000,1436.000,931.000,96.000,2.000,1532.000,868.000,57.000,3.000,1377.000,941.000,2.000,1867.000,725.000,0.000,0.000,1583.000,953.000,0.000,2.000,1653.000,895.000,0.000,5.000,2168.000,1159.000,6.000,0.000,22.000,14.000,8.000,0.000,572.000,1948.000,840.000,12.000,9.000,0.000,401.000,2033.000,847.000,0.000,0.000,2232.000,1009.000,7.000,111.000,1814.000,589.000,2.000,0.000,2009.000,0.000,42.000,0.000,1851.000,634.000,4.000,243.000,1641.000,648.000,2.000,3.000,4.000,2.000,2.000,99.000,1607.000,752.000,1.000,1633.000,763.000,37.000,27.000,1.000,122.000,1470.000,844.000,13.000,1.000,,,,
1891683,34.95,845,2705340166,27053,Maple Grove City,Maple Grove,City,50360,61567,1545,52222,2927,300,4224,42,114,193,34873,45011,903,39460,1586,196,2692,24,52,98,84.000,424.000,17179.000,101.000,9587.000,19.000,15.000,0.000,0.000,20005.000,6594.000,0.000,26.000,0.000,0.000,16835.000,9126.000,0.000,0.000,19.000,0.000,1245.000,19139.000,2239.000,0.000,0.000,278.000,330.000,3813.000,15405.000,7579.000,17.000,75.000,18.000,10.000,443.000,1153.000,15791.000,8932.000,8.000,967.000,13410.000,11923.000,12.000,468.000,1888.000,14615.000,8521.000,19.000,33.000,19987.000,14833.000,3.000,2.000,9.000,157.000,10.000,59.000,26.000,0.000,23236.000,10434.000,1264.000,0.000,17765.000,11742.000,36.000,12434.000,14050.000,782.000,12.000,16251.000,9555.000,1427.000,7.000,13796.000,11100.000,921.000,14.000,14370.000,10639.000,696.000,15.000,13153.000,11239.000,23.000,18577.000,8437.000,0.000,38.000,15016.000,11306.000,0.000,25.000,14509.000,11095.000,774.000,17.000,18981.000,17231.000,25.000,5.000,188.000,131.000,60.000,0.000,5300.000,18869.000,12046.000,118.000,69.000,0.000,3244.000,18714.000,13471.000,0.000,0.000,19727.000,14451.000,55.000,1056.000,17163.000,8215.000,14.000,0.000,19260.000,0.000,637.000,0.000,15965.000,10187.000,25.000,3262.000,14423.000,8946.000,39.000,32.000,37.000,27.000,6.000,895.000,14451.000,10388.000,13.000,14532.000,10262.000,466.000,261.000,6.000,960.000,13322.000,11216.000,97.000,8.000,,,,
1902545,26.51,825,2705307966,27053,Brooklyn Park City,Brooklyn Park,City,67388,75781,4841,37948,19463,527,12056,40,243,663,47958,53799,2819,30492,11855,351,7771,29,131,351,75.000,460.000,13167.000,99.000,11496.000,14.000,20.000,0.000,0.000,15602.000,8956.000,0.000,24.000,0.000,1471.000,10073.000,12649.000,0.000,0.000,23.000,0.000,710.000,11858.000,11730.000,0.000,0.000,16.000,474.000,3239.000,11912.000,9315.000,17.000,206.000,27.000,16.000,524.000,1134.000,12044.000,10819.000,8.000,1012.000,10012.000,13469.000,10.000,582.000,1825.000,10666.000,10677.000,20.000,29.000,14484.000,17446.000,6.000,1.000,22.000,170.000,11.000,43.000,32.000,0.000,17107.000,13366.000,44.000,0.000,13315.000,16969.000,48.000,8537.000,14596.000,666.000,17.000,10929.000,11422.000,1375.000,12.000,9297.000,12527.000,919.000,8.000,9866.000,11900.000,813.000,9.000,8894.000,12496.000,14.000,13339.000,10260.000,0.000,26.000,9447.000,13863.000,0.000,33.000,9449.000,13857.000,0.000,32.000,13497.000,21816.000,45.000,5.000,249.000,89.000,55.000,0.000,4814.000,13275.000,17152.000,141.000,102.000,0.000,3562.000,13335.000,17472.000,0.000,0.000,13259.000,19916.000,108.000,1170.000,11537.000,9979.000,23.000,519.000,9826.000,12063.000,28.000,507.000,9586.000,12240.000,18.000,2348.000,9411.000,11034.000,51.000,28.000,59.000,48.000,22.000,874.000,9458.000,11757.000,14.000,9646.000,11620.000,499.000,309.000,19.000,920.000,8554.000,12578.000,123.000,13.000,,,,
2050698,10.86,61,2700322814,27003,Fridley City,Fridley,City,27449,27208,1976,19620,3401,435,1460,16,92,208,21270,20810,1123,16332,1875,313,987,12,60,108,54.000,226.000,5757.000,69.000,6292.000,8.000,0.000,574.000,0.000,4417.000,6950.000,0.000,13.000,0.000,0.000,4877.000,7117.000,0.000,0.000,25.000,0.000,358.000,4445.000,7114.000,0.000,0.000,18.000,238.000,1903.000,5248.000,4925.000,12.000,39.000,12.000,10.000,272.000,605.000,5454.000,5733.000,7.000,471.000,4416.000,7200.000,10.000,355.000,920.000,4671.000,5847.000,13.000,23.000,6073.000,8288.000,1.000,0.000,6.000,103.000,18.000,26.000,15.000,0.000,4984.000,8202.000,166.000,0.000,5450.000,8192.000,18.000,3495.000,6674.000,358.000,5.000,4411.000,5413.000,693.000,5.000,3726.000,6034.000,433.000,7.000,4042.000,5634.000,336.000,10.000,3659.000,5805.000,7.000,3532.000,4666.000,2070.000,19.000,3830.000,6519.000,0.000,26.000,3654.000,6194.000,348.000,15.000,5612.000,8374.000,26.000,1.000,164.000,50.000,31.000,0.000,2329.000,5140.000,6593.000,70.000,61.000,0.000,1304.000,4638.000,7617.000,40.000,0.000,5022.000,8148.000,35.000,405.000,3739.000,4827.000,9.000,0.000,4060.000,5276.000,22.000,0.000,4239.000,5383.000,17.000,1004.000,3822.000,4991.000,34.000,16.000,35.000,23.000,9.000,439.000,3890.000,5305.000,10.000,3908.000,5228.000,267.000,162.000,11.000,476.000,3456.000,5669.000,57.000,10.000,,,,
2046458,8.31,824,2705307948,27053,Brooklyn Center City,Brooklyn Center,City,29153,30104,2889,13815,8338,286,4429,17,85,245,21850,21802,1685,11983,5031,208,2697,12,55,131,33.000,196.000,4551.000,40.000,5760.000,10.000,3.000,0.000,0.000,5785.000,4486.000,0.000,19.000,0.000,0.000,3970.000,6256.000,0.000,0.000,17.000,0.000,763.000,3945.000,5515.000,0.000,0.000,12.000,231.000,1444.000,4223.000,4555.000,7.000,68.000,12.000,6.000,262.000,473.000,4369.000,5189.000,3.000,493.000,3558.000,6256.000,6.000,286.000,777.000,3794.000,5185.000,9.000,27.000,5047.000,8530.000,2.000,0.000,13.000,65.000,17.000,29.000,20.000,0.000,6144.000,6873.000,20.000,0.000,4490.000,8406.000,25.000,2713.000,6192.000,271.000,6.000,3332.000,5234.000,570.000,9.000,2871.000,5499.000,372.000,7.000,3061.000,5299.000,279.000,8.000,2760.000,5398.000,12.000,4380.000,4703.000,0.000,16.000,2780.000,6152.000,0.000,16.000,2948.000,5978.000,0.000,13.000,4215.000,8728.000,36.000,4.000,124.000,37.000,27.000,0.000,1790.000,3890.000,7248.000,74.000,66.000,0.000,1576.000,3958.000,7093.000,0.000,0.000,3503.000,8099.000,22.000,477.000,3504.000,4168.000,7.000,0.000,2960.000,5092.000,18.000,0.000,3142.000,4938.000,8.000,706.000,2793.000,4726.000,24.000,9.000,28.000,29.000,7.000,395.000,2798.000,4817.000,9.000,2826.000,4787.000,225.000,150.000,2.000,355.000,2487.000,5137.000,55.000,3.000,,,,
2043665,57.34,849,2705343000,27053,Minneapolis City,Minneapolis,City,382492,382578,40073,230650,74850,8257,23864,258,1098,3528,298345,305374,26020,203714,49220,5948,17574,214,678,2006,1473.000,2267.000,38539.000,735.000,110855.000,154.000,134.000,13094.000,0.000,29591.000,107852.000,0.000,219.000,12947.000,5339.000,22650.000,103064.000,0.000,0.000,573.000,1676.000,3230.000,20696.000,107666.000,0.000,726.000,1625.000,10978.000,18823.000,34375.000,88874.000,171.000,1568.000,329.000,110.000,16135.000,7026.000,37952.000,88604.000,125.000,9249.000,32818.000,106397.000,336.000,15397.000,10695.000,32841.000,85910.000,265.000,455.000,41713.000,156613.000,58.000,71.000,165.000,1734.000,119.000,562.000,223.000,0.000,34917.000,139417.000,4088.000,0.000,35644.000,139543.000,493.000,22923.000,118076.999,5278.000,126.000,29478.000,101758.000,14306.000,119.000,24410.000,104698.000,6269.000,163.000,26282.000,107484.000,5547.000,123.000,24556.000,101053.000,133.000,22100.000,91608.000,28893.000,183.000,24802.000,114217.000,2609.000,343.000,24057.000,114108.000,2047.000,378.000,34961.000,169273.000,573.000,100.000,1852.000,812.000,290.000,0.000,22444.000,39374.000,141924.999,1236.000,532.000,0.000,11879.000,31483.000,152268.000,384.000,3055.000,32675.000,147484.000,537.000,3962.000,23075.000,104258.000,165.000,0.000,26003.000,107611.000,336.000,1367.000,25057.000,105404.000,332.000,13840.000,22905.000,100656.000,925.000,123.000,449.000,598.000,154.000,4764.000,23760.000,104213.000,192.000,24808.000,98672.000,6764.000,1971.000,140.000,4710.000,21717.000,105403.000,846.000,255.000,,,,
1555778,42.37,2703,2717122400,27171,Franklin Township,Franklin,Township,2710,2760,43,2669,19,8,14,0,7,0,1970,2022,28,1968,7,7,8,0,4,0,6.000,21.000,940.000,3.000,488.000,2.000,1.000,0.000,64.000,975.000,392.000,0.000,2.000,0.000,0.000,858.000,524.000,0.000,0.000,5.000,0.000,0.000,638.000,562.000,0.000,0.000,191.000,20.000,203.000,895.000,316.000,3.000,7.000,1.000,0.000,22.000,72.000,870.000,453.000,0.000,64.000,771.000,576.000,5.000,32.000,106.000,812.000,435.000,4.000,1.000,1048.000,548.000,0.000,0.000,2.000,10.000,6.000,4.000,3.000,0.000,1047.000,564.000,0.000,0.000,1016.000,542.000,0.000,753.000,583.000,33.000,0.000,857.000,427.000,78.000,1.000,746.000,505.000,62.000,0.000,815.000,460.000,3.000,0.000,708.000,550.000,0.000,789.000,492.000,82.000,2.000,845.000,485.000,0.000,1.000,848.000,484.000,0.000,0.000,1047.000,623.000,1.000,1.000,19.000,1.000,5.000,0.000,301.000,915.000,464.000,1.000,6.000,0.000,179.000,897.000,590.000,0.000,0.000,1068.000,563.000,4.000,64.000,875.000,463.000,1.000,0.000,1005.000,398.000,1.000,0.000,1002.000,416.000,1.000,154.000,922.000,354.000,3.000,0.000,1.000,1.000,0.000,55.000,866.000,472.000,0.000,861.000,486.000,22.000,21.000,0.000,64.000,791.000,526.000,5.000,0.000,,,,
1555971,4.04,2702,2717115454,27171,Delano City,Delano,City,3901,5464,75,5216,40,22,97,1,1,12,2594,3719,40,3597,15,18,44,1,1,3,6.000,38.000,1161.000,0.000,680.000,0.000,2.000,0.000,116.000,1211.000,521.000,0.000,10.000,0.000,0.000,1089.000,709.000,0.000,0.000,5.000,0.000,0.000,804.000,805.000,0.000,0.000,215.000,29.000,260.000,1113.000,498.000,5.000,7.000,2.000,3.000,28.000,94.000,1094.000,650.000,1.000,65.000,984.000,801.000,4.000,42.000,121.000,1062.000,571.000,3.000,4.000,1494.000,897.000,2.000,1.000,1.000,10.000,0.000,5.000,3.000,0.000,1460.000,932.000,0.000,0.000,1564.000,767.000,0.000,1145.000,1005.000,65.000,1.000,1355.000,733.000,116.000,1.000,1161.000,826.000,85.000,1.000,1272.000,732.000,63.000,3.000,1110.000,861.000,1.000,1220.000,832.000,160.000,3.000,1357.000,768.000,0.000,2.000,1472.000,706.000,0.000,1.000,1738.000,1160.000,1.000,0.000,27.000,5.000,7.000,0.000,499.000,1618.000,796.000,3.000,6.000,0.000,312.000,1502.000,1079.000,0.000,0.000,1882.000,963.000,1.000,140.000,1401.000,869.000,0.000,0.000,1683.000,711.000,1.000,0.000,1683.000,753.000,5.000,244.000,1497.000,725.000,2.000,1.000,5.000,3.000,0.000,92.000,1368.000,888.000,2.000,1385.000,877.000,47.000,32.000,1.000,120.000,1257.000,929.000,22.000,0.000,,,,
1556088,0.34,860,2705355006,27053,Rockford City,Rockford,City,144,426,7,406,7,3,3,0,0,0,116,336,4,322,5,2,3,0,0,0,0.000,3.000,89.000,0.000,48.000,0.000,0.000,0.000,16.000,78.000,44.000,0.000,0.000,0.000,0.000,70.000,64.000,0.000,0.000,0.000,0.000,0.000,48.000,71.000,0.000,0.000,32.000,4.000,24.000,74.000,36.000,2.000,1.000,0.000,0.000,1.000,8.000,73.000,53.000,0.000,9.000,70.000,59.000,0.000,4.000,11.000,74.000,45.000,0.000,1.000,126.000,93.000,0.000,0.000,1.000,2.000,0.000,0.000,0.000,0.000,116.000,108.000,0.000,0.000,125.000,88.000,0.000,58.000,70.000,8.000,0.000,73.000,52.000,11.000,0.000,58.000,60.000,12.000,0.000,65.000,53.000,8.000,0.000,60.000,63.000,0.000,65.000,59.000,12.000,0.000,68.000,65.000,0.000,0.000,68.000,63.000,0.000,0.000,98.000,103.000,0.000,0.000,4.000,1.000,1.000,0.000,50.000,89.000,62.000,1.000,0.000,0.000,35.000,89.000,76.000,0.000,0.000,94.000,92.000,1.000,3.000,70.000,45.000,0.000,0.000,76.000,41.000,1.000,0.000,75.000,42.000,0.000,13.000,66.000,40.000,0.000,1.000,0.000,0.000,0.000,12.000,67.000,35.000,0.000,62.000,46.000,6.000,3.000,0.000,6.000,58.000,51.000,0.000,0.000,,,,
1819607,35.00,2716,2717155024,27171,Rockford Township,Rockford,Township,3334,3194,42,3072,32,11,32,0,4,1,2387,2433,26,2365,14,3,23,0,2,0,12.000,59.000,1056.000,0.000,582.000,3.000,2.000,0.000,153.000,1052.000,489.000,0.000,2.000,0.000,0.000,1032.000,635.000,0.000,0.000,6.000,0.000,0.000,712.000,732.000,0.000,0.000,205.000,29.000,274.000,982.000,434.000,3.000,8.000,2.000,0.000,25.000,96.000,996.000,577.000,3.000,83.000,901.000,698.000,0.000,54.000,130.000,919.000,555.000,2.000,2.000,1257.000,764.000,0.000,3.000,0.000,9.000,4.000,1.000,2.000,0.000,1200.000,825.000,0.000,0.000,1112.000,834.000,3.000,757.000,727.000,53.000,0.000,895.000,536.000,96.000,0.000,774.000,633.000,77.000,1.000,820.000,572.000,57.000,1.000,764.000,646.000,2.000,844.000,585.000,109.000,0.000,943.000,565.000,0.000,3.000,854.000,635.000,0.000,3.000,1200.000,764.000,3.000,0.000,27.000,7.000,13.000,0.000,440.000,1015.000,527.000,10.000,9.000,0.000,262.000,1027.000,699.000,0.000,0.000,1125.000,778.000,6.000,92.000,879.000,526.000,1.000,0.000,1027.000,479.000,2.000,0.000,986.000,493.000,1.000,192.000,900.000,427.000,1.000,1.000,7.000,3.000,2.000,95.000,881.000,527.000,0.000,896.000,537.000,30.000,32.000,0.000,98.000,810.000,567.000,11.000,0.000,,,,
1568152,34.48,842,2705330842,27053,Independence City,Independence,City,3236,3504,47,3374,15,23,41,4,0,0,2262,2584,26,2505,8,16,29,0,0,0,3.000,33.000,1308.000,7.000,623.000,2.000,1.000,0.000,0.000,1503.000,412.000,0.000,2.000,0.000,0.000,1341.000,554.000,0.000,0.000,1.000,0.000,0.000,1215.000,684.000,0.000,0.000,1.000,26.000,300.000,1219.000,407.000,2.000,6.000,0.000,2.000,45.000,114.000,1216.000,539.000,1.000,75.000,1098.000,732.000,0.000,33.000,165.000,1168.000,504.000,1.000,4.000,1516.000,755.000,0.000,0.000,0.000,15.000,0.000,5.000,1.000,0.000,1696.000,543.000,4.000,0.000,1519.000,657.000,0.000,1071.000,781.000,45.000,1.000,1293.000,495.000,104.000,0.000,1136.000,600.000,72.000,2.000,1204.000,548.000,54.000,1.000,1081.000,621.000,1.000,1437.000,443.000,0.000,1.000,1235.000,500.000,124.000,2.000,1490.000,0.000,0.000,44.000,1463.000,813.000,4.000,0.000,21.000,4.000,5.000,0.000,341.000,1401.000,556.000,2.000,5.000,0.000,274.000,1412.000,573.000,0.000,0.000,1509.000,676.000,3.000,105.000,1381.000,384.000,0.000,0.000,1434.000,425.000,0.000,0.000,1379.000,462.000,0.000,196.000,1273.000,422.000,2.000,0.000,1.000,2.000,2.000,74.000,1219.000,536.000,0.000,1251.000,552.000,24.000,16.000,0.000,80.000,1145.000,602.000,9.000,0.000,,,,
1568284,1.12,846,2705340256,27053,Maple Plain City,Maple Plain,City,2088,1768,84,1624,38,6,16,0,0,0,1484,1378,51,1287,24,5,11,0,0,0,5.000,25.000,531.000,0.000,319.000,0.000,2.000,0.000,0.000,654.000,232.000,0.000,2.000,0.000,0.000,568.000,309.000,0.000,0.000,0.000,0.000,0.000,454.000,429.000,0.000,0.000,0.000,13.000,135.000,513.000,248.000,1.000,0.000,4.000,0.000,19.000,55.000,496.000,313.000,0.000,29.000,440.000,411.000,1.000,21.000,61.000,495.000,279.000,0.000,3.000,568.000,459.000,0.000,0.000,0.000,5.000,2.000,1.000,1.000,0.000,664.000,321.000,2.000,0.000,563.000,384.000,1.000,341.000,407.000,31.000,0.000,434.000,288.000,52.000,0.000,372.000,322.000,38.000,0.000,392.000,300.000,28.000,0.000,347.000,341.000,0.000,505.000,262.000,0.000,1.000,430.000,292.000,43.000,0.000,586.000,0.000,0.000,18.000,515.000,481.000,1.000,0.000,8.000,0.000,4.000,0.000,173.000,461.000,365.000,2.000,6.000,0.000,157.000,483.000,331.000,0.000,0.000,510.000,439.000,0.000,58.000,428.000,234.000,1.000,0.000,441.000,272.000,1.000,0.000,422.000,280.000,0.000,102.000,354.000,261.000,3.000,1.000,6.000,0.000,1.000,35.000,369.000,293.000,1.000,369.000,300.000,14.000,9.000,1.000,38.000,338.000,310.000,7.000,1.000,,,,
1572242,25.09,855,2705348580,27053,Orono City,Orono,City,7538,7437,125,7093,48,25,115,5,14,12,5476,5461,67,5256,30,18,67,4,13,6,17.000,52.000,2949.000,28.000,1471.000,0.000,1.000,0.000,0.000,3672.000,798.000,0.000,4.000,0.000,0.000,3038.000,1369.000,0.000,0.000,4.000,0.000,0.000,3602.000,0.000,0.000,0.000,62.000,76.000,683.000,2699.000,1073.000,1.000,8.000,1.000,1.000,137.000,192.000,2910.000,1148.000,2.000,159.000,2640.000,1618.000,4.000,118.000,295.000,2767.000,1099.000,1.000,2.000,3021.000,2038.000,0.000,0.000,2.000,28.000,5.000,8.000,5.000,0.000,3750.000,1221.000,2.000,0.000,3238.000,1604.000,9.000,1795.000,1837.000,110.000,2.000,2259.000,1180.000,282.000,0.000,1985.000,1416.000,152.000,1.000,2055.000,1368.000,100.000,0.000,1941.000,1394.000,3.000,2707.000,1013.000,0.000,2.000,2200.000,1254.000,213.000,1.000,2095.000,1539.000,0.000,6.000,2691.000,2080.000,3.000,0.000,31.000,20.000,6.000,0.000,611.000,2794.000,1378.000,22.000,2.000,0.000,456.000,2800.000,1448.000,0.000,0.000,2916.000,1646.000,0.000,188.000,2704.000,982.000,0.000,0.000,2781.000,1039.000,2.000,0.000,2627.000,1195.000,2.000,706.000,2271.000,905.000,5.000,3.000,9.000,11.000,2.000,156.000,2372.000,1228.000,0.000,2425.000,1194.000,76.000,32.000,1.000,152.000,2237.000,1338.000,13.000,3.000,,,,
1572449,0.29,844,2705338222,27053,Loretto City,Loretto,City,570,650,8,635,4,2,0,0,1,0,403,490,5,482,1,2,0,0,0,0,1.000,2.000,232.000,0.000,102.000,1.000,0.000,0.000,0.000,245.000,78.000,0.000,0.000,0.000,0.000,211.000,104.000,0.000,0.000,0.000,0.000,0.000,199.000,114.000,0.000,0.000,0.000,6.000,44.000,212.000,70.000,0.000,1.000,0.000,0.000,2.000,14.000,194.000,114.000,0.000,8.000,168.000,144.000,0.000,4.000,25.000,176.000,101.000,0.000,0.000,261.000,149.000,0.000,0.000,0.000,1.000,0.000,0.000,0.000,0.000,292.000,104.000,0.000,0.000,242.000,133.000,0.000,180.000,135.000,10.000,0.000,205.000,103.000,17.000,0.000,185.000,115.000,10.000,0.000,201.000,101.000,7.000,0.000,174.000,120.000,0.000,231.000,89.000,0.000,0.000,188.000,113.000,10.000,0.000,248.000,0.000,0.000,1.000,259.000,145.000,1.000,0.000,4.000,1.000,4.000,0.000,78.000,224.000,103.000,4.000,4.000,0.000,62.000,240.000,96.000,0.000,0.000,248.000,123.000,1.000,23.000,235.000,71.000,0.000,0.000,226.000,90.000,1.000,0.000,215.000,92.000,2.000,34.000,226.000,72.000,0.000,0.000,3.000,2.000,0.000,21.000,191.000,100.000,1.000,193.000,102.000,8.000,7.000,1.000,21.000,178.000,110.000,4.000,2.000,,,,
1621158,0.93,843,2705338006,27053,Long Lake City,Long Lake,City,1842,1768,71,1610,39,7,35,2,2,2,1388,1346,47,1246,21,7,21,2,1,1,8.000,15.000,514.000,4.000,398.000,0.000,0.000,0.000,0.000,683.000,237.000,0.000,1.000,0.000,0.000,516.000,394.000,0.000,0.000,0.000,0.000,0.000,710.000,0.000,0.000,0.000,14.000,28.000,138.000,461.000,301.000,1.000,5.000,1.000,0.000,35.000,47.000,493.000,333.000,0.000,43.000,438.000,436.000,0.000,37.000,66.000,474.000,305.000,1.000,1.000,554.000,517.000,0.000,0.000,0.000,6.000,1.000,2.000,0.000,0.000,720.000,329.000,2.000,0.000,565.000,450.000,2.000,361.000,481.000,29.000,0.000,455.000,336.000,70.000,0.000,381.000,398.000,41.000,0.000,407.000,387.000,24.000,0.000,375.000,386.000,2.000,603.000,264.000,0.000,0.000,442.000,345.000,60.000,1.000,422.000,421.000,0.000,1.000,510.000,531.000,2.000,0.000,8.000,2.000,1.000,0.000,180.000,494.000,373.000,2.000,1.000,0.000,138.000,509.000,381.000,0.000,0.000,517.000,465.000,0.000,47.000,493.000,299.000,1.000,0.000,499.000,329.000,0.000,0.000,457.000,364.000,0.000,126.000,378.000,343.000,1.000,0.000,4.000,2.000,1.000,30.000,392.000,380.000,0.000,400.000,372.000,24.000,11.000,0.000,33.000,354.000,419.000,3.000,0.000,,,,
1621217,26.94,848,2705341480,27053,Medina City,Medina,City,4005,4892,61,4562,62,16,182,3,5,1,2714,3388,27,3217,34,11,92,1,5,1,8.000,72.000,2890.000,10.000,1208.000,2.000,2.000,0.000,0.000,3432.000,670.000,0.000,2.000,0.000,0.000,2962.000,1098.000,0.000,0.000,2.000,0.000,0.000,2518.000,1546.000,0.000,0.000,4.000,54.000,592.000,2652.000,866.000,6.000,4.000,2.000,2.000,80.000,154.000,2824.000,964.000,0.000,150.000,2492.000,1406.000,4.000,60.000,272.000,2604.000,1008.000,0.000,12.000,3492.000,1838.000,0.000,0.000,4.000,24.000,2.000,12.000,4.000,0.000,4058.000,1156.000,6.000,0.000,3458.000,1560.000,6.000,2712.000,2120.000,124.000,4.000,3348.000,1314.000,286.000,2.000,2984.000,1590.000,156.000,4.000,3040.000,1496.000,118.000,4.000,2836.000,1616.000,4.000,3832.000,1074.000,0.000,10.000,3154.000,1474.000,186.000,4.000,3668.000,0.000,0.000,92.000,1928.000,1163.000,2.000,0.000,17.000,11.000,7.000,0.000,405.000,1950.000,746.000,4.000,8.000,0.000,259.000,1972.000,823.000,0.000,0.000,1988.000,905.000,1.000,107.000,1854.000,528.000,1.000,0.000,1838.000,615.000,2.000,0.000,1803.000,622.000,3.000,329.000,1625.000,555.000,6.000,0.000,2.000,3.000,1.000,92.000,1623.000,698.000,1.000,1633.000,724.000,33.000,24.000,1.000,103.000,1540.000,754.000,11.000,3.000,,,,
1632544,0.32,847,2705341462,27053,Medicine Lake City,Medicine Lake,City,367,371,5,331,19,8,7,1,0,0,290,291,1,270,10,4,5,1,0,0,0.000,9.000,121.000,2.000,104.000,0.000,0.000,0.000,0.000,176.000,55.000,0.000,0.000,0.000,57.000,99.000,68.000,0.000,0.000,0.000,0.000,0.000,119.000,100.000,0.000,0.000,0.000,5.000,54.000,98.000,78.000,0.000,0.000,0.000,0.000,14.000,22.000,116.000,73.000,0.000,23.000,101.000,104.000,0.000,5.000,34.000,101.000,77.000,0.000,0.000,126.000,144.000,0.000,0.000,0.000,1.000,0.000,0.000,0.000,0.000,172.000,94.000,0.000,0.000,134.000,124.000,0.000,79.000,131.000,7.000,0.000,109.000,89.000,19.000,0.000,94.000,104.000,6.000,0.000,104.000,91.000,7.000,0.000,92.000,97.000,0.000,135.000,79.000,0.000,0.000,99.000,113.000,0.000,0.000,89.000,112.000,0.000,0.000,117.000,145.000,0.000,0.000,2.000,1.000,1.000,0.000,54.000,118.000,91.000,0.000,1.000,0.000,27.000,119.000,115.000,0.000,0.000,133.000,124.000,1.000,15.000,127.000,85.000,0.000,0.000,105.000,122.000,0.000,0.000,111.000,111.000,0.000,55.000,88.000,82.000,1.000,1.000,1.000,1.000,0.000,12.000,95.000,113.000,0.000,104.000,106.000,7.000,2.000,0.000,9.000,89.000,121.000,2.000,0.000,,,,
1624076,35.25,857,2705351730,27053,Plymouth City,Plymouth,City,65898,70576,2117,58240,4116,340,5347,42,132,242,48032,53704,1280,45855,2526,252,3573,25,64,129,110.000,389.000,19898.000,129.000,13117.000,11.000,13.000,0.000,0.000,25180.000,7592.000,0.000,21.000,0.000,2434.000,18352.000,10838.000,0.000,0.000,22.000,0.000,0.000,19401.000,12220.000,0.000,0.000,22.000,503.000,4866.000,17586.000,10290.000,18.000,66.000,20.000,13.000,771.000,1350.000,18932.000,11202.000,12.000,1081.000,16253.000,15030.000,21.000,666.000,2126.000,17566.000,11063.000,22.000,47.000,21652.000,19679.000,1.000,6.000,21.000,192.000,22.000,67.000,35.000,0.000,27314.000,13058.000,215.000,0.000,22050.000,16807.000,48.000,13754.000,18139.000,851.000,13.000,18084.000,12549.000,2037.000,12.000,16389.000,13990.000,966.000,11.000,16288.000,13803.000,844.000,13.000,15245.000,14350.000,14.000,22411.000,10065.000,0.000,34.000,16773.000,15221.000,186.000,35.000,17443.000,12830.000,0.000,163.000,20025.000,22466.000,43.000,2.000,232.000,150.000,70.000,0.000,5873.000,20770.000,15875.000,167.000,76.000,0.000,4107.000,20859.000,16775.000,0.000,0.000,21472.000,18998.000,43.000,1265.000,18683.000,11183.000,11.000,0.000,16356.000,14439.000,20.000,0.000,17390.000,13203.000,18.000,4427.000,15200.000,11721.000,41.000,22.000,46.000,39.000,15.000,1075.000,15494.000,13856.000,9.000,15871.000,13732.000,482.000,256.000,10.000,1063.000,14405.000,14777.000,94.000,16.000,,,,
1637600,5.08,854,2705345628,27053,New Hope City,New Hope,City,20872,20339,1330,14522,3276,165,852,6,34,154,16418,15870,790,12265,1986,124,603,6,25,71,33.000,148.000,4836.000,60.000,5082.000,9.000,8.000,371.000,0.000,3771.000,5636.000,0.000,9.000,0.000,0.000,3975.000,5867.000,0.000,0.000,10.000,0.000,0.000,5225.000,4608.000,0.000,0.000,11.000,189.000,1450.000,4386.000,4011.000,5.000,44.000,6.000,4.000,228.000,410.000,4563.000,4637.000,5.000,382.000,3845.000,5656.000,8.000,247.000,694.000,4155.000,4491.000,13.000,12.000,4865.000,6397.000,0.000,3.000,8.000,46.000,8.000,17.000,8.000,0.000,3906.000,6346.000,386.000,0.000,4873.000,5577.000,12.000,2935.000,5311.000,246.000,1.000,3705.000,4196.000,563.000,3.000,3214.000,4577.000,296.000,2.000,3385.000,4401.000,237.000,3.000,3118.000,4525.000,2.000,2983.000,3517.000,1722.000,12.000,3009.000,5322.000,0.000,7.000,3387.000,4896.000,0.000,10.000,4830.000,7162.000,12.000,2.000,113.000,37.000,18.000,0.000,1789.000,4627.000,5559.000,51.000,40.000,0.000,899.000,4045.000,6353.000,15.000,0.000,4634.000,6644.000,23.000,306.000,3317.000,3906.000,3.000,0.000,3539.000,4484.000,10.000,0.000,3610.000,4366.000,7.000,886.000,3255.000,3975.000,12.000,16.000,18.000,20.000,5.000,354.000,3302.000,4153.000,5.000,3384.000,4167.000,181.000,111.000,6.000,319.000,3039.000,4485.000,51.000,8.000,,,,
1641136,5.86,829,2705314158,27053,Crystal City,Crystal,City,22699,22151,1436,16712,2568,235,1000,14,52,134,17607,17358,829,13955,1593,159,715,8,28,71,50.000,184.000,4521.000,42.000,5132.000,10.000,2.000,439.000,0.000,3566.000,5672.000,0.000,5.000,0.000,0.000,3711.000,5941.000,0.000,0.000,11.000,0.000,0.000,4230.000,5354.000,0.000,0.000,15.000,216.000,1429.000,4176.000,4048.000,9.000,49.000,14.000,6.000,302.000,460.000,4263.000,4689.000,4.000,421.000,3569.000,5728.000,8.000,328.000,693.000,3797.000,4657.000,11.000,16.000,5224.000,7083.000,3.000,0.000,10.000,91.000,14.000,33.000,18.000,0.000,4222.000,7038.000,716.000,0.000,4590.000,6495.000,22.000,2889.000,5739.000,324.000,4.000,3642.000,4617.000,630.000,5.000,3111.000,5076.000,395.000,8.000,3301.000,4880.000,295.000,7.000,2989.000,5007.000,5.000,2906.000,3785.000,2017.000,19.000,3077.000,5717.000,0.000,15.000,3228.000,5504.000,0.000,12.000,4787.000,7194.000,21.000,4.000,167.000,39.000,34.000,0.000,2033.000,4398.000,5638.000,64.000,46.000,0.000,1132.000,3853.000,6492.000,13.000,0.000,4187.000,7232.000,27.000,366.000,3322.000,4229.000,5.000,0.000,3500.000,4902.000,7.000,0.000,3539.000,4804.000,10.000,937.000,3255.000,4299.000,22.000,11.000,23.000,19.000,11.000,424.000,3263.000,4510.000,4.000,3347.000,4532.000,234.000,144.000,3.000,400.000,2936.000,4900.000,46.000,5.000,,,,
