ID,AREA,DATA,VTD,COUNTY,STATE,MCD,NAME,POP2000,POPULATION,HISPANIC_O,NH_WHT,NH_DOJ_BLK,NH_DOJ_IND,NH_DOJ_ASN,NH_DOJ_HWN,NH_DOJ_OTH,NH_DOJ_OT1,F18_POP_20,F18_POP,H18_POP,NH18_WHT,NH18_DOJ_B,NH18_DOJ_I,NH18_DOJ_A,NH18_DOJ_H,NH18_DOJ_O,NH18_DOJ_1,USSENGP02,USSENIP02,USSENR02,WELLSTONE,USSENDFL02,USSENCP02,USSENWI02,CONGGP02,CONGIP02,CONGR02,CONGDFL02,CONGNNT02,CONGWI02,MNSENGP02,MNSENIP02,MNSENR02,MNSENDFL02,MNSENCP02,MNSENICP02,MNSENWI02,MNLEGGP02,MNLEGIP02,MNLEGR02,MNLEGDFL02,MNLEGCP02,MNLEGGI02,MNLEGWI02,GOVGP02,GOVIP02,GOVR02,GOVDFL02,GOVCP02,GOVI02,GOVSW02,GOVWI02,SOSGP02,SOSIP02,SOSR02,SOSDFL02,SOSWI02,AGIP02,AGR02,AGDFL02,AGWI02,AUDGP02,AUDIP02,AUDR02,AUDDFL02,AUDWI02,USPRESGP04,USPRESR04,USPRESDFL0,USPRESSE04,USPRESSW04,USPRESCF04,USPRESBL04,USPRESC04,USPRESL04,USPRESWI04,USCONGI04,USCONGR04,USCONGDFL0,USCONGWI04,MNLEGI04,MNLEGR04,MNLEGDFL04,MNLEGWI04,USSENR06,USSENDFL06,USSENIP06,USSENWI06,GOVR06,GOVDFL06,GOVIP06,GOVWI06,AGR06,AGDFL06,AGIP06,AGWI06,SOSR06,SOSDFL06,SOSIP06,SOSWI06,AUDR06,AUDDFL06,AUDWI06,CONGR06,CONGDFL06,CONGIP06,CONGWI06,MNSENR06,MNSENDFL06,MNSENIP06,MNSENWI06,MNLEGR06,MNLEGDFL06,MNLEGIP06,MNLEGWI06,USPRESR08,USPRESDFL1,USPRESGP08,USPRESSWP0,USPRESIND0,USPRESLIB0,USPRESCP08,USPRESWI08,USSENIP08,USSENR08,USSENDFL08,USSENLIB08,USSENCP08,USSENWI08,CONGIP08,CONGR08,CONGDFL08,CONGWI08,MNLEGIP08,MNLEGR08,MNLEGDFL08,MNLEGWI08,CONGIP10,CONGR10,CONGDFL10,CONGWI10,MNSENIP10,MNSENR10,MNSENDFL10,MNSENWI10,MNLEGIP10,MNLEGR10,MNLEGDFL10,MNLEGWI10,GOVIP10,GOVR10,GOVDFL10,GOVGP10,GOVTRP10,GOVGR10,GOVEDP10,GOVWI10,SOSIP10,SOSR10,SOSDFL10,SOSWI10,AUDR10,AUDDFL10,AUDGP10,AUDGR10,AUDWI10,AGIP10,AGR10,AGDFL10,AGTRP10,AGWI10,DEM_INDEX,REP_INDEX,THIRD_INDE,INDEX_VOTE
1867001,0.41,1256,270530555,27053,27,2705314158,Crystal W-1 P-2,2496,2566,171,1705,478,20,167,0,6,19,2011,1991,100,1425,320,16,116,0,4,10,2,22,563,4,593,0,0,40,0,459,653,0,0,0,0,461,690,0,0,0,0,0,605,549,0,0,0,20,162,529,469,0,5,1,0,32,57,544,519,2,49,466,645,2,31,78,498,531,0,3,547,805,0,0,2,9,1,4,1,0,451,777,41,0,540,712,4,307,628,27,0,401,495,58,0,330,551,39,0,353,527,34,0,320,540,0,315,380,241,3,323,619,0,1,358,577,0,0,506,799,6,0,16,7,0,0,224,467,625,3,4,0,107,416,725,3,0,434,806,5,34,357,430,0,0,376,493,0,0,376,483,0,86,367,420,0,0,1,1,2,32,350,468,0,365,456,19,14,0,34,330,485,3,0,,,,
1867061,0.04,1533,270532336,27053,27,2705345628,New Hope P-11,3,3,0,3,0,0,0,0,0,0,3,3,0,3,0,0,0,0,0,0,0,10,456,6,446,1,1,31,0,342,533,0,0,0,0,359,558,0,0,0,0,0,470,436,0,0,1,9,143,398,373,1,4,0,0,14,37,429,428,0,25,365,524,0,14,62,406,411,0,0,0,0,0,0,0,0,0,0,0,0,0,0,0,0,0,0,0,0,1,0,0,0,1,0,0,0,0,0,0,0,1,0,0,0,1,0,0,1,0,0,0,0,0,0,0,0,0,0,0,2,0,0,0,0,0,0,0,0,2,0,0,0,0,0,2,0,0,0,2,0,0,0,0,0,0,0,0,0,0,0,0,0,0,0,0,0,0,0,0,0,0,0,0,0,0,0,0,0,0,0,0,0,0,0,,,,
1867082,1.13,1314,270531015,27053,27,2705324308,Golden Valley P-6,3242,3099,66,2507,395,23,76,2,5,25,2644,2509,43,2119,245,19,60,2,3,18,6,9,542,3,608,2,0,47,0,443,639,0,0,27,36,546,518,0,0,0,50,0,534,534,0,0,3,37,167,473,488,2,1,1,0,45,43,506,536,0,50,443,652,0,36,83,489,500,2,5,565,761,0,1,0,8,1,1,0,0,478,765,0,0,514,751,0,366,686,37,1,440,565,73,1,402,600,43,1,406,580,44,2,388,588,1,346,418,289,1,406,649,0,5,389,652,0,2,684,1148,5,0,18,10,1,0,245,694,907,7,5,0,118,584,1039,5,0,659,1057,4,36,471,786,1,0,503,842,2,0,517,824,1,180,457,750,2,0,1,3,0,50,466,810,0,501,795,35,11,0,49,437,855,10,1,,,,
1867147,1.32,1312,270531005,27053,27,2705324308,Golden Valley P-4,2461,2462,66,2034,239,18,83,1,5,16,2075,2054,35,1776,160,11,58,1,3,10,4,25,767,4,700,2,0,55,0,637,754,0,2,0,0,686,742,0,0,0,0,0,768,665,0,0,0,28,232,688,540,2,3,2,0,64,63,771,555,0,53,656,759,0,40,117,712,554,1,4,766,907,0,1,2,7,0,4,2,0,653,926,78,0,757,788,3,502,803,47,0,633,625,93,1,572,676,48,1,587,657,49,1,576,653,1,531,493,298,3,557,764,0,2,588,729,0,1,652,966,5,1,9,1,4,0,220,669,727,4,2,0,104,605,842,3,0,651,882,3,41,479,643,0,0,510,716,2,0,519,696,1,175,453,623,4,0,3,1,0,46,471,694,0,503,680,21,13,0,49,444,727,9,0,,,,
1867215,0.89,1255,270530550,27053,27,2705314158,Crystal W-1 P-1,3338,3287,135,2560,440,23,106,0,14,9,2609,2577,76,2122,273,15,78,0,9,4,5,26,655,6,725,1,0,65,0,503,785,0,1,0,0,530,815,0,0,1,0,0,570,766,0,0,2,35,186,586,590,0,5,2,2,52,54,613,653,0,52,518,799,1,47,82,547,654,2,2,824,1067,0,0,1,13,3,6,2,0,693,1016,100,0,730,951,3,505,870,51,1,612,694,112,0,553,747,74,1,571,726,45,1,532,730,0,519,547,315,3,542,854,0,1,569,816,0,3,761,1153,3,2,21,3,2,0,301,726,902,6,4,0,148,622,1041,2,0,692,1112,2,55,522,637,0,0,548,737,1,0,548,728,0,141,512,661,2,1,0,2,2,70,509,684,0,534,670,38,21,0,62,475,733,7,0,,,,
1867377,1.43,1311,270531000,27053,27,2705324308,Golden Valley P-3,2351,2317,49,2041,91,9,104,0,9,14,1844,1795,30,1616,71,7,63,0,5,3,5,14,495,0,939,0,0,47,0,430,969,0,1,33,19,487,903,0,0,2,46,0,597,809,0,0,1,30,208,466,791,0,5,0,0,62,64,588,746,1,43,493,930,2,58,124,486,748,0,0,494,1149,0,0,0,5,0,6,1,0,433,1133,1,0,471,1128,1,335,1108,34,1,474,844,154,0,394,963,63,1,418,957,43,0,387,955,1,312,631,511,1,378,1070,0,4,376,1051,0,4,421,1277,1,0,4,6,1,0,166,480,1053,4,1,0,86,415,1146,2,0,470,1159,2,31,386,915,4,0,385,982,3,0,402,953,1,229,331,833,0,1,0,3,0,28,346,960,2,368,945,31,8,0,50,338,962,3,1,,,,
1870988,1.67,1310,270530990,27053,27,2705324308,Golden Valley P-2,2954,3030,74,2624,178,12,125,4,2,11,2306,2408,52,2124,128,10,82,4,1,7,8,25,783,11,1025,2,0,80,0,637,1082,0,2,0,0,674,1106,0,0,0,0,0,836,936,0,0,1,45,285,713,800,1,3,0,1,93,80,819,811,1,74,657,1076,2,72,132,727,835,0,4,769,1293,0,0,0,17,4,6,3,0,647,1289,113,0,770,1140,1,497,1189,60,1,664,921,150,0,556,1044,85,0,605,1001,54,1,567,993,1,507,766,421,5,559,1149,0,3,609,1085,0,1,645,1386,1,2,10,7,5,0,279,678,1078,7,4,0,120,580,1256,1,0,670,1271,0,46,510,944,1,0,518,1064,2,0,552,1019,3,232,475,898,1,2,3,5,3,61,493,999,1,521,973,40,19,1,59,461,1043,7,2,,,,
1871067,1.17,1309,270530985,27053,27,2705324308,Golden Valley P-1,2243,2222,63,1869,163,6,104,0,2,15,1786,1811,42,1583,107,6,66,0,2,5,9,12,539,10,836,2,4,62,0,443,872,0,0,0,0,479,875,0,0,0,0,0,550,807,0,0,0,29,245,468,659,1,3,0,1,68,61,560,680,0,68,464,836,2,60,106,493,679,0,3,537,1091,0,0,0,8,1,7,2,0,497,1050,98,0,543,941,4,327,1013,30,0,449,798,119,0,378,886,46,2,425,843,46,0,390,854,0,330,647,356,1,378,966,0,0,401,932,0,0,513,1119,0,0,11,6,6,0,202,532,904,3,1,0,103,430,1037,1,0,482,1054,1,40,377,780,0,0,406,845,2,0,421,823,1,168,369,731,2,1,4,3,2,46,368,825,1,392,801,37,14,1,46,340,856,3,1,,,,
1871149,0.68,1576,270532675,27053,27,2705354808,Robbinsdale W-4,3563,3342,175,2455,490,31,166,0,5,20,2754,2570,105,2036,290,22,103,0,5,9,3,24,305,4,428,2,0,61,0,244,441,0,2,0,0,279,453,0,0,1,0,0,284,437,0,0,2,30,123,259,339,0,8,2,0,26,46,265,393,0,51,238,450,0,32,65,244,379,0,1,317,603,1,0,1,8,0,1,0,0,242,575,80,0,260,526,0,358,992,59,0,469,827,110,0,380,878,63,3,430,858,59,0,376,852,2,364,707,284,1,383,1001,0,3,394,983,0,1,587,1310,2,1,21,12,4,0,286,543,1083,12,7,0,158,467,1185,0,0,508,1286,5,51,421,786,3,0,465,858,3,0,463,858,5,159,407,786,3,2,3,2,2,78,421,801,3,437,783,60,26,1,74,381,854,11,2,,,,
1871202,0.93,1527,270532310,27053,27,2705345628,New Hope P-4,2784,2665,157,2191,211,17,72,1,5,11,2228,2122,98,1797,147,11,54,1,5,9,3,24,726,7,732,3,1,67,0,570,807,0,4,0,0,609,842,0,0,2,0,0,796,662,0,0,4,32,222,637,584,0,5,0,0,33,71,690,652,0,68,563,828,2,43,97,630,648,3,1,775,944,0,0,0,7,1,4,1,0,635,970,56,0,821,811,1,452,839,38,0,595,638,90,0,508,706,55,0,558,654,43,0,505,690,0,459,503,323,2,489,824,0,1,554,751,0,1,693,960,1,0,11,5,2,0,269,670,724,6,2,0,129,581,870,2,0,712,878,1,57,496,575,0,0,549,651,0,0,560,632,0,136,499,571,2,2,4,2,0,53,493,598,0,526,617,17,14,0,50,457,659,11,0,,,,
1871267,0.73,1528,270532315,27053,27,2705345628,New Hope P-5,2540,2431,233,1445,553,33,140,1,12,14,1954,1845,149,1199,351,23,106,1,11,5,6,16,474,3,489,1,0,40,0,390,524,0,1,0,0,414,542,0,0,0,0,0,507,442,0,0,1,24,132,455,363,0,6,1,0,25,43,441,450,0,55,395,513,0,32,74,411,419,0,0,542,710,0,1,0,8,1,1,0,0,422,666,44,0,528,603,0,301,521,23,0,375,413,59,0,311,456,30,2,337,446,32,1,300,450,1,278,365,181,1,297,527,0,1,334,488,0,1,446,722,2,0,17,4,2,0,175,416,562,6,8,0,95,368,628,4,0,434,657,4,22,304,339,2,0,315,390,4,0,318,382,3,68,299,345,0,1,2,3,2,31,296,353,1,299,353,19,13,4,27,275,385,1,3,,,,
1871333,0.40,1529,270532320,27053,27,2705345628,New Hope P-6,1426,1814,131,952,565,22,116,0,5,23,1027,1334,84,815,318,16,87,0,3,11,1,8,148,4,279,0,0,14,0,111,240,0,0,0,0,126,235,0,0,0,0,0,159,193,0,0,0,6,44,140,203,0,3,1,0,8,6,139,215,0,11,120,245,0,7,14,111,214,0,2,239,378,0,0,1,0,0,1,2,0,194,363,27,0,233,333,0,191,341,17,0,218,296,27,2,209,286,24,0,190,306,14,0,190,304,0,187,245,100,1,188,354,0,2,210,329,0,1,286,507,0,0,8,1,3,0,120,250,426,4,0,0,64,252,452,0,0,289,469,1,17,185,232,0,0,213,251,0,0,210,251,0,46,195,225,0,1,0,2,0,20,193,241,0,202,233,14,5,0,25,174,255,1,1,,,,
1875257,0.64,1258,270530565,27053,27,2705314158,Crystal W-2 P-2,2811,2769,138,2213,252,34,111,2,6,13,2236,2221,87,1876,157,16,76,1,3,5,9,21,674,6,688,1,0,57,0,527,783,0,2,0,0,545,821,0,0,2,0,0,588,768,0,0,1,32,200,618,541,1,7,3,0,52,58,638,624,1,59,517,802,0,47,99,565,627,1,1,746,934,1,0,0,11,3,6,4,0,593,931,106,0,625,871,3,432,836,28,0,560,647,78,0,476,729,37,0,513,695,29,0,461,712,0,442,503,325,0,472,808,0,0,470,800,0,1,679,1002,1,0,21,2,5,0,248,647,784,9,7,0,147,592,862,0,0,601,994,2,63,477,579,0,0,505,681,0,0,506,673,1,150,463,579,5,3,2,2,1,49,475,635,0,478,652,25,17,0,57,415,691,5,1,,,,
1875312,0.45,1260,270530575,27053,27,2705314158,Crystal W-3 P-2,2180,2110,108,1681,165,19,119,4,2,12,1668,1637,58,1399,87,11,73,3,0,6,6,18,443,11,510,0,1,48,0,353,566,0,0,0,0,370,597,0,0,1,0,0,463,501,0,0,3,26,131,413,407,1,5,0,1,25,42,409,487,0,40,335,581,1,28,74,367,462,2,3,536,688,1,0,1,6,2,1,3,0,423,696,41,0,523,629,2,278,537,39,2,328,451,67,2,275,495,46,3,307,470,33,3,274,480,3,268,381,172,5,286,556,0,2,324,507,0,2,458,698,2,0,21,3,4,0,205,422,543,8,6,0,111,349,661,1,0,397,724,3,30,323,395,1,0,348,453,1,0,352,444,2,83,325,392,3,1,4,2,1,41,315,425,1,327,414,27,17,0,37,289,454,5,0,,,,
1875375,0.34,1532,270532335,27053,27,2705345628,New Hope P-8,2710,2714,129,1672,748,20,96,1,0,48,2181,2189,77,1536,476,16,59,1,0,24,4,16,374,20,553,0,1,32,0,303,596,0,0,0,0,312,614,0,0,1,0,0,417,499,0,0,0,17,133,360,437,0,5,2,1,21,38,386,497,1,26,316,599,0,21,66,319,511,1,1,509,812,0,1,3,10,0,2,0,0,402,814,50,0,472,740,0,269,580,30,0,322,487,59,0,276,532,30,0,307,497,15,0,268,507,0,262,436,140,1,253,594,0,0,294,548,0,0,475,945,0,0,10,4,1,0,196,452,743,12,4,0,98,383,805,1,0,426,832,4,31,265,433,0,0,288,501,1,0,296,481,3,85,260,450,3,5,1,3,0,44,272,453,1,278,457,21,20,0,32,248,494,8,0,,,,
1875437,0.72,1242,270530400,27053,27,2705307966,Brooklyn Park W-W P-2,2538,2495,158,1699,412,23,196,1,2,4,1930,1936,98,1451,233,18,130,1,2,3,2,22,536,9,601,0,2,0,0,684,466,0,0,0,0,471,666,0,0,0,0,0,522,605,0,0,0,27,174,504,447,3,9,2,1,31,58,531,533,0,53,439,661,0,37,84,443,553,1,1,597,771,2,0,1,9,0,1,1,0,742,579,6,0,540,753,2,325,640,33,0,440,485,71,1,377,533,37,0,391,518,28,1,330,557,1,537,445,0,1,344,619,0,2,371,581,0,1,517,846,2,1,10,5,3,0,235,474,664,4,1,0,190,475,663,0,0,537,742,7,55,435,368,0,0,352,492,1,0,401,438,0,91,342,431,1,0,1,5,1,41,360,446,0,352,458,27,8,0,47,307,494,2,0,,,,
1875514,0.65,1262,270530590,27053,27,2705314158,Crystal W-4 P-2,2618,2545,293,1773,321,37,97,0,4,20,1997,1973,181,1489,188,27,74,0,2,12,6,25,430,1,592,1,0,52,0,349,641,0,1,0,0,368,679,0,0,1,0,0,462,570,0,0,4,16,157,420,480,1,10,0,1,26,56,413,560,0,57,342,659,2,39,69,359,558,2,3,525,830,1,0,2,8,3,2,1,0,413,840,42,0,510,765,2,263,617,37,0,348,497,59,1,286,547,45,1,306,523,30,0,280,544,0,269,416,209,2,279,618,0,2,307,585,0,0,500,808,3,0,17,2,7,0,233,453,631,8,12,0,135,391,734,3,0,450,797,6,38,306,423,2,0,344,486,1,0,342,475,3,100,308,417,3,2,2,1,1,51,312,447,1,311,455,30,13,1,35,279,495,4,1,,,,
1875603,0.74,1243,270530405,27053,27,2705307966,Brooklyn Park W-W P-3,4396,5039,1270,878,2423,33,371,6,1,57,2981,3257,706,761,1501,27,233,6,1,22,8,14,278,0,432,1,0,0,0,344,374,0,1,0,0,236,485,0,0,0,0,0,242,473,0,0,1,24,80,260,345,1,19,0,0,14,43,259,407,0,36,217,472,0,23,51,232,401,1,1,354,797,1,0,2,3,1,0,0,0,402,672,4,0,327,734,3,152,421,31,0,182,379,37,0,161,392,29,0,176,382,18,0,151,398,0,224,370,0,0,149,440,0,0,169,413,0,1,274,969,2,0,13,4,0,0,117,272,837,4,7,0,145,266,784,0,0,273,868,10,30,197,358,2,0,168,409,1,0,181,396,1,36,160,396,1,0,5,2,1,29,156,395,2,166,381,21,8,2,22,139,415,2,1,,,,
1875636,1.09,1244,270530415,27053,27,2705307966,Brooklyn Park W-W P-5,6137,6416,669,2360,2459,64,745,0,29,90,4582,4619,417,2043,1569,47,477,0,16,50,3,16,373,0,452,1,0,0,0,451,380,0,0,0,0,329,488,0,0,2,0,0,352,467,0,0,1,14,100,346,377,2,7,1,0,19,33,353,422,0,36,296,498,0,20,63,313,425,0,3,466,869,0,0,4,11,1,2,3,0,551,708,3,0,395,840,5,460,918,50,1,570,768,91,2,476,830,50,1,506,789,54,2,466,812,2,712,705,0,5,470,930,0,4,485,909,0,4,731,1719,4,0,22,8,4,0,298,697,1446,13,7,0,280,710,1383,0,0,751,1529,14,77,549,657,2,0,471,804,2,0,507,754,2,121,436,728,2,1,6,3,5,67,450,736,3,461,732,34,32,2,64,401,780,10,2,,,,
1878899,0.65,1257,270530560,27053,27,2705314158,Crystal W-2 P-1,2745,2661,164,2208,135,40,91,2,9,12,2094,2066,95,1787,78,27,70,2,4,3,8,28,586,8,687,4,0,63,0,470,756,0,0,0,0,512,777,0,0,1,0,0,548,731,0,0,0,25,213,548,523,2,5,1,0,39,70,562,623,0,60,457,775,0,51,105,512,597,1,1,698,896,0,0,3,16,1,7,2,0,558,905,109,0,578,845,3,371,746,50,1,480,598,83,0,406,665,45,1,417,658,40,2,382,662,0,374,522,241,1,398,745,0,3,416,720,0,2,640,901,2,1,28,12,8,0,277,607,689,8,3,0,141,531,815,0,0,568,917,0,43,447,535,1,0,452,613,1,0,462,598,1,136,394,561,1,0,5,4,1,55,418,566,1,432,577,25,12,1,51,370,622,3,2,,,,
1879000,0.50,1575,270532665,27053,27,2705354808,Robbinsdale W-3,3513,3328,172,2381,607,20,110,8,3,27,2823,2611,103,1973,421,17,76,7,2,12,11,11,395,0,456,1,0,47,0,338,481,0,1,0,0,337,516,0,0,1,0,0,355,500,0,0,1,30,126,379,344,1,4,3,1,30,39,375,424,0,38,329,491,0,40,53,337,406,0,4,417,645,1,1,2,5,1,2,0,0,349,609,79,0,376,555,0,392,905,57,1,467,793,92,0,410,822,48,3,432,815,38,0,398,811,1,370,646,295,3,397,924,0,2,421,898,0,2,602,1292,5,0,25,7,5,0,280,566,1054,13,8,0,157,502,1157,5,0,552,1254,6,47,361,706,0,0,400,773,1,0,389,770,2,120,364,692,2,2,3,9,1,65,361,707,0,365,723,48,16,0,72,332,743,7,0,,,,
1879076,0.87,1573,270532645,27053,27,2705354808,Robbinsdale W-1,3485,3809,209,2640,740,39,159,1,3,18,2753,2983,135,2245,453,29,111,1,1,8,3,23,360,0,438,0,1,37,0,300,446,0,0,0,0,299,463,0,0,1,0,0,318,440,0,0,1,24,117,327,327,0,9,0,0,18,47,346,377,1,33,300,459,0,30,53,302,379,3,1,409,589,0,0,6,5,0,2,2,0,339,570,60,0,338,541,2,432,928,55,1,547,740,118,1,447,834,56,1,472,800,49,1,436,802,2,435,643,285,1,460,905,0,3,469,885,0,3,724,1322,3,0,21,7,3,0,307,713,1023,8,8,0,172,572,1180,4,0,631,1257,5,54,491,769,0,0,553,829,1,0,568,806,1,156,494,758,2,1,5,5,3,73,502,789,0,509,802,33,28,0,64,455,837,10,0,,,,
1879180,1,1259,270530570,27053,27,2705314158,Crystal W-3 P-1,3293,3254,225,2492,382,26,99,0,8,22,2551,2554,120,2083,242,18,73,0,5,13,8,10,541,0,610,1,1,54,0,416,687,0,0,0,0,437,720,0,0,2,0,0,480,658,0,0,3,23,169,494,492,2,6,1,1,42,62,513,541,1,47,430,682,1,40,89,446,561,1,0,627,871,0,0,0,12,0,2,2,0,507,861,137,0,517,766,4,328,730,40,0,422,592,80,0,349,660,53,1,375,630,33,0,333,654,1,328,506,237,3,354,731,0,5,369,708,0,1,536,912,3,0,17,4,4,0,244,475,729,10,5,0,144,433,819,1,0,468,903,5,53,476,690,0,0,474,808,1,0,489,786,1,153,443,700,4,2,3,3,1,60,455,733,0,460,733,41,28,0,64,398,795,11,0,,,,
1879264,0.92,1574,270532655,27053,27,2705354808,Robbinsdale W-2,3581,3474,91,2919,316,28,103,0,9,8,2737,2718,50,2377,189,19,73,0,3,7,4,14,506,3,579,1,1,45,0,392,644,0,0,0,0,427,641,0,0,2,0,0,486,579,0,0,3,31,183,465,420,1,3,2,0,37,48,490,493,0,36,418,627,0,48,76,448,466,0,2,484,750,0,1,1,6,3,0,3,0,426,723,92,0,442,661,1,556,1288,60,0,747,1019,140,0,640,1074,70,1,688,1071,54,0,613,1091,1,597,850,400,3,613,1234,0,3,649,1205,0,4,831,1554,4,0,21,8,10,0,333,830,1235,9,9,0,173,719,1378,2,0,780,1494,2,68,607,994,1,0,638,1106,1,0,671,1063,4,196,593,969,7,0,4,1,3,62,601,1042,0,618,1016,44,23,0,54,542,1096,8,4,,,,
1881738,1.41,1221,270530225,27053,27,2705307948,Brooklyn Center P-6,3133,3255,308,1614,798,27,464,5,18,21,2438,2416,178,1375,533,21,288,3,8,10,4,18,488,4,686,3,0,0,0,625,548,0,2,0,0,498,670,0,0,0,0,91,442,624,0,0,0,35,161,478,509,1,12,1,0,33,59,482,595,0,59,420,691,0,32,88,430,596,0,4,573,936,0,0,3,6,3,3,0,0,673,775,2,0,497,921,4,300,666,30,0,356,574,62,0,315,592,36,1,322,587,27,1,303,580,0,470,514,0,1,310,643,0,3,331,623,0,3,486,975,4,0,17,3,3,0,168,459,821,4,11,0,163,449,792,0,0,428,850,2,51,399,475,1,0,361,550,5,0,385,527,2,81,339,509,1,2,7,3,1,60,326,526,0,323,532,30,19,0,50,303,559,3,0,,,,
1881813,1.16,1261,270530585,27053,27,2705314158,Crystal W-4 P-1,3218,2959,202,2080,395,36,210,6,3,27,2441,2339,112,1774,248,29,155,2,1,18,6,34,629,6,727,2,0,60,0,489,801,0,1,0,0,488,842,0,0,3,0,0,514,811,0,0,2,39,211,568,546,2,6,6,1,34,61,571,682,0,57,504,785,1,45,97,503,667,2,3,721,992,0,0,1,16,1,5,3,0,584,1012,140,0,567,956,1,405,775,52,0,491,643,93,2,436,682,56,1,459,651,51,1,407,685,1,391,530,277,2,423,786,0,1,415,791,0,3,707,921,1,1,26,6,4,0,301,601,735,12,5,0,199,519,835,3,0,577,979,4,50,414,540,1,0,453,631,2,0,464,617,2,88,443,569,4,2,6,4,2,66,429,552,1,440,575,29,22,1,60,380,625,8,1,,,,
1881851,0.54,1222,270530230,27053,27,2705307948,Brooklyn Center P-7,2622,2731,208,1277,709,19,486,3,2,27,2033,2034,119,1122,444,16,312,3,1,17,6,14,501,7,581,0,0,0,0,629,442,0,0,0,0,446,618,0,0,1,0,82,412,565,0,0,1,23,159,466,441,0,8,1,1,23,45,491,515,0,56,402,613,0,24,85,412,519,0,2,511,775,1,0,1,5,1,3,4,0,615,612,0,0,464,747,1,271,614,22,1,325,522,54,0,280,557,32,0,309,527,24,0,282,532,0,423,475,0,0,282,603,0,1,281,608,0,1,393,885,3,1,16,5,1,0,175,372,735,12,3,0,146,381,729,0,0,341,813,3,44,313,416,0,0,266,504,3,0,287,483,0,55,270,456,2,1,2,1,1,37,260,466,1,272,467,12,12,0,27,236,495,1,0,,,,
1881914,1.21,1220,270530220,27053,27,2705307948,Brooklyn Center P-5,5606,5599,564,2431,1242,54,1243,1,23,41,4035,4005,334,2110,747,36,734,1,18,25,5,30,895,12,1132,4,0,0,0,1170,848,0,3,0,0,737,1272,0,0,3,0,126,770,1123,0,0,1,32,277,833,908,2,12,2,0,37,84,884,1021,0,83,665,1283,1,48,146,750,1032,2,5,938,1642,0,0,1,9,5,0,5,0,1214,1264,1,0,859,1605,1,514,1119,43,0,678,899,100,0,566,968,76,1,614,934,41,1,554,965,1,887,779,0,2,537,1099,0,1,563,1067,0,3,778,1558,5,0,20,7,9,0,338,747,1262,13,18,0,298,758,1240,0,0,649,1529,3,73,720,694,3,0,589,877,2,0,603,870,2,125,544,827,4,1,3,4,2,59,561,842,6,554,840,34,26,2,58,476,918,14,2,,,,
1881981,1.07,1219,270530215,27053,27,2705307948,Brooklyn Center P-4,4887,5033,363,2394,1543,39,629,5,13,47,3696,3678,233,2120,896,28,370,3,7,21,3,34,842,11,940,1,1,0,0,1034,730,0,3,0,0,711,1042,0,0,2,0,136,705,917,0,0,3,30,236,785,763,2,5,1,2,43,64,797,872,1,81,636,1060,0,44,113,713,853,1,4,927,1419,1,0,3,9,4,2,5,0,1089,1168,3,0,792,1440,1,479,1078,41,0,595,895,92,3,509,969,60,1,560,901,50,2,494,928,3,774,807,0,4,472,1089,0,2,518,1037,0,1,790,1480,5,1,28,9,7,0,323,729,1220,12,13,0,284,716,1225,0,0,622,1423,4,95,620,751,2,0,526,926,2,0,578,873,1,138,486,860,5,2,7,4,1,79,513,851,0,511,876,35,23,0,67,434,935,10,0,,,,
1858038,1.42,1558,270532495,27053,27,2705351730,Plymouth W-4 P-20,3013,2818,51,2485,79,9,177,3,2,12,2083,2118,28,1902,51,7,125,2,1,2,4,19,944,9,481,0,0,0,0,1088,321,0,3,0,123,851,389,0,0,0,0,0,892,475,0,0,0,17,231,809,389,0,1,2,1,31,63,870,426,0,58,769,572,0,24,101,831,400,0,4,980,729,0,1,1,3,0,0,1,0,1144,509,1,0,985,633,1,631,640,36,0,785,434,80,0,734,482,41,0,717,479,43,0,686,506,2,894,392,0,0,750,538,0,0,774,498,0,0,861,814,3,0,9,5,2,0,239,881,557,7,3,0,166,881,600,0,0,981,635,1,59,812,351,0,0,719,487,0,0,774,425,0,185,682,360,0,1,1,1,1,39,698,453,0,726,433,15,9,1,41,660,479,2,2,,,,
1858078,0.80,1561,270532510,27053,27,2705351730,Plymouth W-4 P-23,2837,2439,43,2232,61,3,87,1,4,8,1896,1853,28,1729,32,3,56,1,1,3,5,15,918,2,604,0,0,0,0,1144,356,0,0,0,164,768,497,0,0,2,0,0,829,617,0,0,1,24,212,802,485,2,4,2,1,41,61,806,561,1,47,704,729,1,35,96,758,534,0,2,931,831,0,0,0,4,0,5,1,0,1175,542,1,0,942,722,2,559,848,36,0,803,545,91,0,724,615,41,1,697,608,36,0,657,637,0,991,426,0,3,722,694,0,2,740,636,0,3,809,930,1,0,7,9,2,0,252,855,638,4,3,0,172,849,683,0,0,984,693,0,47,780,462,1,0,634,640,0,0,757,521,0,204,600,498,4,1,3,0,3,41,627,588,0,649,564,20,12,0,49,583,605,5,1,,,,
1858114,0.81,1345,270531265,27053,27,2705340166,Maple Grove P-16,2453,2301,78,1986,149,21,50,1,9,7,1870,1783,48,1611,66,16,32,1,5,4,7,26,668,3,435,1,0,0,0,782,316,0,2,0,0,648,425,0,0,0,0,0,839,0,0,0,25,20,195,587,328,1,2,1,0,19,53,602,423,0,54,501,534,1,28,92,521,420,2,3,726,636,0,0,1,5,0,4,1,0,832,465,99,0,649,496,0,407,522,36,0,540,372,56,1,452,421,42,0,484,404,25,1,428,417,2,633,332,0,1,519,422,0,1,453,409,66,1,684,696,0,0,7,12,7,0,261,646,476,7,3,0,150,650,543,0,0,651,617,4,49,606,293,0,0,695,0,24,0,552,382,2,104,522,322,2,3,3,1,0,45,515,368,0,508,372,21,18,0,41,467,399,12,0,,,,
1858176,0.92,1344,270531260,27053,27,2705340166,Maple Grove P-15,2420,2555,111,2107,221,13,94,5,2,2,1831,1986,74,1726,113,10,59,1,2,1,7,24,746,4,544,2,1,0,0,891,387,0,2,0,0,770,493,0,0,3,0,0,997,0,0,0,25,25,202,657,415,1,3,3,0,27,53,677,507,0,49,577,644,0,34,70,632,493,2,1,818,777,1,0,2,4,1,5,1,0,941,595,98,0,743,627,5,498,705,38,2,657,525,52,0,550,591,39,1,579,555,37,0,508,588,2,771,463,0,1,629,585,0,3,547,591,62,0,742,846,1,0,16,8,5,0,226,690,670,9,9,0,175,705,688,0,0,709,785,4,53,659,428,2,0,797,0,41,0,602,532,1,104,560,488,2,2,0,0,0,44,551,517,1,560,516,24,16,1,54,503,559,6,1,,,,
1858225,0.91,1343,270531255,27053,27,2705340166,Maple Grove P-14,2297,2069,45,1859,83,11,64,1,2,4,1646,1623,30,1492,41,9,47,1,0,3,3,16,740,4,527,0,1,0,0,915,338,0,0,0,0,757,475,0,0,0,0,0,997,0,0,0,19,17,189,655,418,0,3,0,0,31,61,685,460,1,59,573,617,1,28,99,619,463,1,2,788,713,0,0,1,6,0,0,3,0,927,532,77,0,731,612,1,444,684,34,0,598,504,63,0,506,558,37,0,537,529,24,1,473,567,1,691,457,0,2,548,580,0,0,481,602,41,1,684,756,0,1,8,4,0,0,214,666,560,4,2,0,105,667,646,0,0,676,687,0,43,622,417,0,0,762,0,24,0,573,497,1,147,492,442,3,3,2,3,1,48,508,494,1,510,509,14,11,0,43,464,538,3,0,,,,
1858275,0.77,1563,270532520,27053,27,2705351730,Plymouth W-4 P-25,3677,3500,323,2501,475,23,146,2,2,28,2834,2691,198,2033,306,17,119,1,1,16,8,20,834,4,625,2,2,0,0,1041,394,0,3,0,0,694,701,0,0,2,0,0,862,553,0,0,2,33,206,727,487,2,5,1,2,40,47,772,555,2,49,670,699,3,43,80,729,526,2,3,877,946,0,0,1,10,7,5,4,0,1104,680,65,0,890,833,2,547,724,48,1,683,542,93,1,616,592,46,0,622,588,43,1,604,581,0,877,435,0,2,577,713,0,2,643,643,0,3,769,1060,3,0,14,4,8,0,291,785,759,11,7,0,220,788,797,0,0,740,1017,1,49,716,448,1,0,626,580,2,0,625,568,2,177,573,478,2,1,0,1,2,40,595,538,1,609,544,14,11,1,42,548,587,4,1,,,,
1858312,0.79,1562,270532515,27053,27,2705351730,Plymouth W-4 P-24,2995,3259,79,2650,231,16,254,1,6,22,2333,2659,47,2246,146,10,193,1,4,12,5,17,827,4,728,1,1,0,0,1094,437,0,1,0,0,706,767,0,0,3,0,0,893,601,0,0,2,33,214,738,578,2,3,0,2,38,53,777,644,1,48,666,802,4,40,88,723,608,4,4,963,1076,0,0,0,9,0,2,1,0,1178,779,76,0,981,888,1,568,937,43,1,742,702,102,0,652,763,63,2,669,743,45,2,606,763,1,955,573,0,5,627,863,0,3,710,789,0,2,834,1223,2,0,11,9,2,0,305,876,864,9,1,0,211,887,898,0,0,800,1088,3,67,719,582,0,0,610,743,1,0,616,728,0,184,579,619,2,0,3,1,0,51,579,708,0,590,711,25,9,1,40,524,775,4,1,,,,
1858348,0.39,1526,270532305,27053,27,2705345628,New Hope P-3S,1780,1613,81,1375,97,4,45,2,2,7,1372,1271,40,1135,54,4,32,2,1,3,3,14,466,1,493,1,0,27,0,364,549,0,0,0,0,360,588,0,0,0,0,0,537,426,0,0,0,18,137,427,392,0,3,0,0,20,31,438,462,0,37,354,556,0,19,66,397,433,0,2,467,658,0,0,0,0,1,1,0,0,378,655,33,0,472,590,2,298,595,17,0,389,455,64,0,326,508,34,0,349,482,29,0,322,498,0,322,365,196,1,300,591,0,0,360,529,0,1,444,647,0,0,9,3,1,0,149,440,499,4,4,0,74,372,595,0,0,426,619,1,24,328,406,0,0,338,472,0,0,353,456,0,95,305,409,1,2,5,0,0,28,337,425,0,317,445,11,14,0,21,295,471,4,1,,,,
1858388,0.53,1525,270532300,27053,27,2705345628,New Hope P-3N,1596,1528,54,1238,131,8,91,0,0,6,1175,1176,36,998,73,5,64,0,0,0,2,7,438,2,380,0,1,16,0,349,438,0,2,0,0,367,439,0,0,2,0,0,475,340,0,0,0,9,105,404,307,0,0,0,2,16,22,412,357,2,18,344,446,3,21,52,379,332,6,0,495,497,0,0,1,2,0,1,0,0,416,499,36,0,504,427,2,333,460,20,0,401,366,48,0,370,392,20,0,384,385,17,0,353,408,0,346,290,156,2,349,457,0,0,369,435,0,2,466,506,1,0,7,4,0,0,129,455,388,3,0,0,50,410,465,1,0,464,474,4,17,357,298,0,0,360,345,1,0,384,323,0,88,335,286,1,1,1,3,0,21,353,320,1,353,316,17,6,1,24,323,342,5,1,,,,
1858426,0.36,1530,270532325,27053,27,2705345628,New Hope P-6E,1459,1558,308,861,339,11,25,1,3,10,1325,1243,170,846,187,8,22,1,3,6,5,5,237,3,255,0,3,26,0,186,278,0,1,0,0,193,299,0,0,3,0,0,247,239,0,0,2,13,62,217,210,1,4,0,1,17,20,210,242,1,20,184,287,1,21,37,194,228,2,1,231,316,0,0,0,3,0,2,0,0,157,302,12,0,217,246,2,138,252,12,0,162,227,14,0,142,220,11,0,138,222,12,0,140,224,0,133,216,37,1,127,259,0,0,149,235,0,1,210,356,2,0,2,1,1,0,69,210,274,3,3,0,48,170,286,2,0,180,310,1,21,121,202,0,0,136,231,1,0,147,218,0,37,121,230,1,1,1,1,0,14,127,217,0,135,204,16,4,0,18,110,231,7,0,,,,
1858457,1.78,1559,270532500,27053,27,2705351730,Plymouth W-4 P-21,1940,2498,53,2221,112,7,93,5,2,5,1527,2047,32,1851,75,6,75,3,2,3,1,20,784,15,511,0,0,0,0,994,303,0,0,0,0,677,578,0,0,0,0,0,811,457,0,0,0,13,206,685,412,0,2,0,0,17,51,771,440,0,30,637,624,0,13,75,687,473,1,0,893,793,0,0,1,9,1,2,0,0,1116,534,51,0,941,636,3,549,744,26,0,716,510,85,0,633,600,40,1,665,567,29,0,617,594,0,910,395,0,1,598,684,0,1,674,619,0,0,827,917,0,0,10,6,1,0,244,861,637,3,0,0,173,846,689,0,0,825,822,3,57,723,447,2,0,615,604,1,0,620,585,1,192,570,480,0,0,1,1,1,47,584,576,0,624,544,17,18,0,49,536,623,4,1,,,,
1858517,1.10,1342,270531250,27053,27,2705340166,Maple Grove P-13,2291,1914,43,1704,50,6,106,2,0,3,1669,1509,29,1364,29,6,76,2,0,3,5,24,644,3,349,0,0,0,0,741,253,0,1,0,0,650,323,0,0,0,0,0,789,0,0,0,10,17,142,572,282,2,3,0,0,24,65,565,331,0,41,495,444,0,19,95,518,322,0,2,708,497,1,1,1,8,0,3,0,0,821,349,80,0,629,414,3,424,446,38,0,540,302,59,0,455,355,54,1,471,336,42,1,427,356,1,617,274,0,0,527,346,0,0,452,361,52,1,679,558,1,0,7,5,4,0,188,655,403,0,3,0,129,646,442,0,0,675,496,4,44,630,269,0,0,712,0,24,0,568,362,2,120,539,293,0,1,2,1,0,33,541,341,0,535,336,17,17,0,39,503,371,4,0,,,,
1805267,1.35,1552,270532465,27053,27,2705351730,Plymouth W-2 P-14,2973,2670,80,2185,263,47,85,1,2,7,2387,2086,60,1675,244,39,58,1,2,7,5,21,692,15,523,0,1,0,0,963,273,0,0,0,110,664,418,0,0,1,0,0,739,450,0,0,2,25,210,639,374,0,3,1,0,25,70,676,446,1,41,575,590,1,28,94,614,434,1,2,749,643,0,1,2,15,0,1,1,0,978,409,0,0,780,563,1,498,612,29,1,645,444,60,0,565,485,43,0,563,486,32,0,505,509,1,815,331,0,0,607,532,0,0,612,493,0,0,696,680,1,0,11,4,0,0,219,681,480,9,2,0,149,706,516,0,0,705,628,1,51,666,373,1,0,601,481,2,0,614,465,0,126,555,415,2,2,2,0,0,49,554,453,0,569,470,17,9,0,40,527,491,4,0,,,,
1805313,0.83,1549,270532450,27053,27,2705351730,Plymouth W-2 P-11,3334,3262,75,2516,433,8,198,6,3,23,2595,2590,52,2182,200,6,138,2,1,9,3,18,913,2,684,0,2,0,0,1225,362,0,0,0,158,862,492,0,0,1,0,0,904,612,0,0,0,25,236,812,533,2,6,1,1,46,61,891,551,0,39,750,760,0,26,96,819,573,0,2,927,1053,1,0,0,9,0,10,2,0,1244,700,1,0,974,897,2,563,918,35,1,766,643,102,2,677,730,33,0,678,702,45,0,633,723,0,1005,502,0,1,714,784,0,0,695,771,0,0,803,1170,0,0,6,10,3,0,282,840,843,6,4,0,193,873,860,0,0,892,993,0,45,752,588,2,0,616,757,1,0,704,655,0,177,598,621,3,2,5,3,0,44,610,694,2,622,700,25,10,0,43,573,731,2,2,,,,
1805357,1.39,1546,270532435,27053,27,2705351730,Plymouth W-1 P-8,2612,2757,69,2341,91,15,234,0,3,4,1853,2169,49,1893,60,12,150,0,1,4,4,14,875,7,585,0,0,0,0,1137,326,0,0,0,165,828,421,0,0,1,0,0,871,548,0,0,0,21,197,784,473,0,3,1,0,30,44,876,485,1,47,716,669,1,30,95,783,488,1,1,902,812,0,0,0,7,0,2,1,0,1153,518,1,0,913,702,2,585,789,34,0,761,551,88,1,719,589,42,0,692,594,40,0,662,612,0,977,417,0,2,730,662,0,2,707,647,0,2,851,914,2,0,13,5,2,0,198,900,668,10,2,0,161,881,690,0,0,948,756,1,53,865,493,0,0,714,685,1,0,821,573,1,202,678,552,0,2,0,1,0,39,693,646,1,718,626,17,15,0,42,652,682,4,0,,,,
1805415,1.30,1543,270532420,27053,27,2705351730,Plymouth W-1 P-5,1023,1696,33,1456,38,12,150,0,2,5,740,1386,20,1230,21,6,105,0,1,3,2,11,589,1,372,1,0,0,0,741,206,0,0,0,0,596,317,0,0,1,0,0,532,369,0,0,0,11,128,526,299,0,1,0,0,13,23,598,288,1,23,482,435,0,15,55,523,317,0,2,610,492,0,0,1,2,2,0,0,0,749,329,0,0,621,403,0,402,486,12,2,531,340,32,0,463,392,11,0,476,362,14,0,451,382,0,638,256,0,1,500,340,22,0,638,0,0,19,600,524,1,0,5,5,0,0,123,616,388,5,0,0,112,603,395,0,0,598,432,2,37,543,268,0,0,527,311,0,0,494,334,0,95,443,316,1,1,0,1,0,25,451,355,0,454,366,9,7,0,17,412,397,3,0,,,,
1805464,2.99,1539,270532400,27053,27,2705351730,Plymouth W-1 P-1,633,1610,64,1085,104,7,341,0,2,7,445,1123,40,818,52,5,204,0,0,4,2,2,239,0,124,0,0,0,0,296,60,0,0,0,26,229,82,0,0,0,0,0,236,107,0,0,0,9,41,216,93,0,2,1,0,15,13,213,108,0,15,194,137,1,8,19,210,102,0,0,334,291,0,0,0,3,0,1,0,0,412,185,0,0,335,233,1,222,264,17,0,285,178,35,0,275,193,16,0,262,187,16,0,255,206,0,343,157,0,1,282,211,0,2,262,230,0,0,363,406,2,0,2,2,1,0,102,374,286,3,0,0,60,384,302,0,0,406,310,0,19,291,160,1,0,244,211,1,0,283,178,2,57,245,173,0,0,1,1,0,15,243,199,1,246,195,5,6,0,15,231,203,3,1,,,,
1805502,1.09,1541,270532410,27053,27,2705351730,Plymouth W-1 P-3,1196,2319,46,1900,32,4,323,6,8,0,680,1556,23,1297,20,3,207,3,3,0,2,5,576,0,170,0,0,0,0,662,96,0,0,0,43,553,138,0,0,1,0,0,566,167,0,0,1,4,113,510,141,0,0,0,0,9,22,531,184,1,15,485,251,1,8,33,532,161,1,0,707,401,0,1,0,4,0,2,0,0,854,242,0,0,724,329,1,516,506,22,1,713,288,44,0,634,344,21,0,626,344,15,0,577,377,0,809,225,0,0,672,356,0,1,636,364,0,1,755,612,0,0,2,4,0,0,168,807,391,1,1,0,82,800,463,0,0,872,464,0,21,725,275,1,0,605,406,0,0,684,324,0,153,599,277,0,2,0,0,1,28,586,386,1,623,356,7,4,1,26,568,398,2,0,,,,
1805543,2.72,1350,270531290,27053,27,2705340166,Maple Grove P-21,840,5692,112,4345,288,11,909,7,9,11,551,3640,55,2868,158,8,538,2,5,6,3,6,651,4,219,0,1,0,0,718,135,0,0,0,0,612,226,0,0,1,0,119,543,164,0,0,2,9,114,581,170,0,3,0,0,14,32,600,199,1,32,521,291,0,12,56,572,180,1,2,1290,809,0,0,0,12,1,1,1,0,1481,548,0,0,1146,583,1,1035,937,53,1,1388,550,91,1,1181,681,51,1,1194,677,42,0,1128,710,1,1525,490,0,3,1225,702,0,1,1297,662,0,0,1285,1198,1,0,7,10,1,0,318,1387,758,10,3,0,202,1374,818,0,0,1427,854,3,53,1359,499,1,0,1387,0,29,0,1307,564,1,264,1150,516,1,1,0,1,0,57,1153,649,1,1154,641,27,6,0,53,1091,698,2,0,,,,
1805596,0.43,1544,270532425,27053,27,2705351730,Plymouth W-1 P-6,1775,2301,100,1740,178,11,257,3,2,10,1460,1889,60,1532,105,7,174,2,2,7,1,15,588,5,438,1,0,0,0,707,296,0,0,0,79,549,333,0,0,0,0,0,574,389,0,0,0,12,155,505,347,1,0,2,0,27,37,541,398,0,34,481,478,0,17,79,514,365,0,1,646,678,0,0,1,4,0,3,0,0,782,487,1,0,646,582,2,371,546,29,0,473,411,62,1,432,441,29,1,438,442,20,1,399,458,1,578,357,0,1,460,476,0,2,436,479,0,2,571,725,3,0,12,7,3,0,191,575,546,4,3,0,158,564,548,0,0,600,648,2,45,514,347,0,0,445,448,1,0,465,433,1,100,423,394,1,0,2,4,0,34,431,434,0,435,425,19,11,0,44,396,451,1,1,,,,
1805642,1.38,1542,270532415,27053,27,2705351730,Plymouth W-1 P-4,4634,3891,95,3273,220,9,254,2,21,17,3062,2776,57,2411,125,5,160,2,6,10,3,22,1280,4,663,1,0,0,0,1567,377,0,1,0,149,1230,481,0,0,0,0,0,1308,565,0,0,2,20,274,1159,530,2,3,1,0,33,78,1225,572,0,60,1056,812,0,34,98,1133,588,0,3,1366,1049,0,0,1,11,1,3,2,0,1733,627,3,0,1455,842,5,884,993,39,0,1133,664,111,1,1085,705,60,0,1040,715,46,1,959,767,2,1390,505,0,4,1079,818,0,3,1065,786,0,1,1228,1212,2,0,7,4,8,0,337,1276,829,8,5,0,209,1298,888,0,0,1409,950,2,64,1172,639,0,0,1023,841,1,0,1171,683,0,247,994,643,0,0,3,2,1,53,1011,760,0,1055,750,22,5,0,56,939,825,6,1,,,,
1805687,2.28,1540,270532405,27053,27,2705351730,Plymouth W-1 P-2,1317,4677,119,3444,294,17,781,0,6,16,903,3368,76,2615,174,12,479,0,4,8,1,8,507,1,237,0,0,0,0,569,164,0,0,0,48,463,195,0,0,0,0,0,479,232,0,0,0,3,101,446,199,0,1,0,1,8,23,472,222,0,18,415,297,0,15,44,444,197,0,0,995,773,0,1,2,10,0,5,1,0,1158,566,0,0,963,679,1,602,684,37,0,775,452,90,0,705,520,36,2,685,522,39,2,650,543,2,881,424,0,2,723,589,0,0,684,585,0,1,1085,1162,1,0,12,9,5,0,293,1137,827,7,0,0,180,1153,878,0,0,1201,961,1,53,1028,522,0,0,895,690,0,0,968,599,2,216,863,532,1,0,1,2,1,46,862,646,0,886,629,26,7,1,51,810,688,2,0,,,,
1805727,0.94,1351,270531295,27053,27,2705340166,Maple Grove P-22,2202,2092,44,1817,125,16,76,0,5,9,1456,1565,21,1410,61,9,54,0,4,6,6,22,732,5,409,1,1,0,0,866,272,0,0,0,0,750,363,0,0,1,0,167,641,303,0,0,1,14,185,645,326,0,4,0,0,20,54,692,365,0,40,587,498,2,25,80,635,355,0,3,744,605,0,0,0,4,0,6,1,0,885,437,0,0,629,454,0,498,549,32,0,636,380,59,1,541,434,34,0,578,405,33,0,502,449,0,729,337,0,0,594,444,0,1,621,428,0,0,700,668,2,0,10,4,5,0,201,709,462,3,4,0,111,686,545,0,0,745,560,1,50,657,341,0,0,757,0,26,0,648,388,0,157,550,352,3,3,1,1,0,37,570,418,0,576,417,19,10,0,40,521,458,3,0,,,,
2777971,0.75,1232,270530345,27053,27,2705307966,Brooklyn Park W-E P-1,2576,2619,150,1325,534,25,571,1,4,9,1851,1894,88,1110,306,17,365,1,4,3,4,23,565,3,542,1,4,0,0,669,441,0,1,0,0,440,656,0,0,1,0,85,507,499,0,0,0,31,141,499,453,0,12,0,1,30,51,508,529,0,52,415,632,1,24,83,446,516,0,2,576,774,0,0,0,12,2,4,0,0,704,583,1,0,504,749,1,276,621,25,0,373,492,49,0,302,544,37,0,322,526,24,0,291,545,0,449,465,0,0,279,626,0,2,310,589,0,1,462,819,0,0,14,4,0,0,184,444,658,7,5,0,158,426,676,0,0,404,757,1,41,372,405,0,0,318,484,2,0,340,457,2,70,303,444,3,3,0,2,0,30,303,463,0,310,465,14,13,1,28,275,488,6,0,,,,
2778032,0.57,1235,270530360,27053,27,2705307966,Brooklyn Park W-E P-4,2998,2896,182,1360,759,25,544,0,6,20,2084,2058,101,1130,454,13,341,0,5,14,9,32,599,13,568,1,3,0,0,695,490,0,0,0,165,402,586,0,0,0,0,61,510,592,0,0,1,30,161,538,486,1,7,2,1,32,62,519,572,0,60,415,702,1,37,86,461,548,3,4,645,847,0,0,0,6,0,3,1,0,763,659,0,0,583,858,1,282,634,40,4,379,521,63,0,321,552,43,1,338,540,43,1,303,546,0,476,476,0,1,362,587,0,2,331,621,0,2,499,904,3,0,12,1,7,0,180,473,748,3,11,0,157,480,722,0,0,465,880,3,55,402,437,0,41,330,510,1,44,307,530,0,63,330,501,2,3,0,1,1,29,321,522,1,316,523,26,7,0,34,288,545,4,1,,,,
2778198,0.50,1233,270530350,27053,27,2705307966,Brooklyn Park W-E P-2,2403,2336,110,993,560,17,626,0,7,23,1625,1676,72,845,324,15,410,0,0,10,3,11,446,1,433,3,1,0,0,516,358,0,0,0,0,373,485,0,0,3,0,81,393,386,0,0,0,19,120,387,353,1,5,2,2,22,49,385,413,1,52,325,495,0,25,81,352,395,1,1,449,654,0,0,2,1,0,3,2,0,502,545,6,0,421,608,4,218,450,23,0,256,395,37,1,211,420,30,1,231,411,19,0,212,411,2,334,357,0,0,231,445,0,1,233,438,0,2,371,702,0,0,8,4,0,0,130,356,588,5,4,0,115,350,575,0,0,324,620,7,40,276,357,3,0,253,407,5,0,256,409,3,58,217,396,1,0,3,1,5,25,230,408,0,234,392,19,16,1,30,204,421,6,1,,,,
2782489,1.06,1234,270530355,27053,27,2705307966,Brooklyn Park W-E P-3,3084,2960,121,1600,583,28,591,1,4,32,2192,2173,69,1328,346,17,394,1,3,15,4,25,559,0,515,0,0,0,0,657,388,0,1,0,0,475,554,0,0,1,0,103,472,445,0,0,0,30,131,498,425,0,5,1,2,29,63,496,463,0,47,422,584,0,31,96,443,448,1,0,640,691,0,0,1,8,0,2,1,0,741,535,1,0,565,685,0,325,587,31,1,431,447,60,1,367,488,40,0,378,478,35,0,348,489,1,513,416,0,2,356,556,0,2,357,545,0,2,513,783,2,0,10,3,3,0,184,505,610,7,1,0,134,496,638,0,0,481,678,3,56,413,427,2,0,377,498,4,0,392,485,2,100,353,444,2,0,2,3,2,36,361,478,1,360,472,20,14,3,47,321,493,5,1,,,,
2782637,1.23,143,270034820,27003,27,2700322814,Fridley W-3 P-2,2728,2602,106,2079,224,28,145,1,12,7,2118,2036,67,1714,129,20,95,1,6,4,2,26,633,8,635,1,0,48,0,504,708,0,1,0,0,547,705,0,0,4,0,57,498,677,0,0,3,13,216,563,506,0,0,0,0,16,54,632,564,0,41,491,740,1,29,86,525,601,3,2,652,883,1,0,0,8,2,3,1,0,565,847,4,0,609,847,2,405,728,48,4,514,581,86,3,425,654,56,2,488,593,42,2,434,622,1,413,519,222,4,411,743,0,2,411,655,76,2,633,914,3,0,15,3,2,0,267,575,710,9,3,0,150,542,805,6,0,623,842,4,55,453,568,1,0,465,620,1,0,524,628,1,105,477,582,6,1,6,3,0,42,478,631,0,462,629,36,19,1,58,429,663,5,1,,,,
2460399,2.05,145,270034840,27003,27,2700322814,Fridley W-3 P-4,2042,2088,214,1390,350,32,81,8,6,7,1609,1605,122,1184,211,26,52,6,3,1,3,13,342,8,466,0,0,46,0,262,494,0,1,0,0,317,487,0,0,3,0,64,251,475,0,0,3,12,126,338,358,0,0,1,1,12,54,300,441,2,36,252,525,2,30,68,273,412,2,1,415,610,0,0,1,11,0,2,1,0,314,600,3,0,343,614,3,200,424,29,0,246,368,36,0,206,392,29,0,216,388,24,0,189,402,0,192,301,143,3,206,441,0,1,196,396,46,0,357,588,5,0,16,3,4,0,169,297,498,4,4,0,83,292,543,2,0,341,550,2,24,175,307,1,0,171,338,1,0,218,332,1,52,193,324,1,2,2,2,1,41,177,335,1,176,341,17,17,1,38,149,363,1,1,,,,
2460600,0.68,144,270034830,27003,27,2700322814,Fridley W-3 P-3,2014,2054,154,1221,481,26,142,0,10,20,1642,1569,91,1031,302,22,105,0,6,12,4,13,227,0,308,2,0,33,0,163,334,0,2,0,0,210,317,0,0,2,0,27,172,322,0,0,3,17,73,221,230,1,4,1,2,15,26,200,293,2,21,184,325,2,23,33,180,279,2,0,258,411,0,0,0,4,2,0,1,0,222,375,0,0,228,390,1,141,295,19,0,177,243,36,1,147,267,21,1,158,257,15,1,148,256,1,141,206,92,0,151,285,0,1,137,257,39,1,250,521,1,1,18,3,2,0,127,231,416,6,4,0,80,209,451,2,0,250,457,2,20,148,229,0,0,150,249,1,0,179,239,1,34,160,240,2,2,2,1,0,19,159,245,0,165,234,13,8,1,20,141,259,2,1,,,,
2456084,1.82,1217,270530205,27053,27,2705307948,Brooklyn Center P-2,4183,4375,583,1781,1523,55,382,3,14,34,3257,3215,346,1589,951,36,261,2,12,18,4,24,514,0,720,2,1,0,0,680,557,0,4,0,0,444,790,0,0,3,0,102,478,654,0,0,5,40,193,455,580,0,7,2,1,31,53,478,675,1,60,413,779,4,46,88,416,664,2,5,604,1144,0,0,0,11,0,8,1,0,740,922,7,0,554,1089,6,295,770,39,2,351,687,59,1,314,679,57,0,325,674,36,0,280,679,1,474,615,0,1,299,773,0,2,328,734,0,0,502,1150,5,0,17,2,0,0,224,426,992,13,10,0,207,459,938,0,0,406,1062,4,54,365,476,0,0,305,580,1,0,321,572,0,64,287,564,1,1,1,6,2,38,278,564,0,284,557,25,15,0,41,256,585,6,0,,,,
2456178,1.37,1218,270530210,27053,27,2705307948,Brooklyn Center P-3,4663,4995,467,2081,1586,29,766,0,12,54,3417,3511,260,1772,958,22,462,0,7,30,6,34,725,3,812,0,1,0,0,891,646,0,4,0,0,630,901,0,0,4,0,113,600,809,0,0,0,27,216,669,644,0,14,2,1,45,84,678,729,0,69,579,886,0,44,123,594,741,3,3,820,1282,0,0,3,9,3,3,5,0,989,1021,4,0,729,1276,6,456,950,45,2,568,784,97,3,495,843,50,1,504,824,49,1,466,829,3,709,728,0,4,482,936,0,4,513,908,0,3,688,1346,3,2,7,4,2,0,268,633,1115,9,5,0,220,647,1102,0,0,581,1238,3,76,567,650,1,0,493,790,1,0,524,764,0,116,466,723,1,1,2,3,0,56,462,748,1,475,720,40,25,0,48,423,788,10,0,,,,
2456272,0.62,1392,270531530,27053,27,2705343000,Minneapolis W-4 P-6,4171,3763,260,1271,1678,108,369,0,19,58,2794,2622,152,1126,1021,65,215,0,13,30,3,21,293,1,877,2,1,116,0,210,828,0,0,0,150,216,780,0,0,1,115,0,206,809,0,0,3,49,108,270,731,2,26,1,0,67,54,277,744,0,61,220,850,2,84,70,217,743,1,7,305,1426,0,1,4,9,0,1,1,0,247,1245,6,0,225,1338,9,154,766,32,0,180,705,70,1,148,702,43,3,153,717,29,0,133,709,0,142,629,159,1,183,743,0,4,134,749,0,0,235,1444,2,0,12,4,3,0,168,257,1207,16,13,0,105,228,1262,2,0,233,1326,5,19,141,656,0,0,151,682,2,0,148,674,0,64,151,644,7,2,4,4,0,40,148,635,1,146,621,40,11,2,26,130,670,7,2,,,,
2456331,0.53,1389,270531515,27053,27,2705343000,Minneapolis W-4 P-3,2168,2269,175,1031,791,62,176,1,7,26,1549,1667,116,916,470,43,101,1,6,14,6,13,238,0,547,1,0,58,0,173,525,0,0,0,71,167,495,0,0,0,78,0,166,500,0,0,0,43,74,217,439,0,8,1,1,36,34,207,478,0,46,194,509,1,49,44,194,446,0,4,277,820,1,1,2,9,1,2,1,0,235,748,1,0,219,809,2,138,568,41,1,169,503,74,0,143,518,45,1,153,531,31,1,144,516,1,143,449,127,1,169,570,0,2,132,557,0,2,216,853,3,0,11,8,1,0,146,205,710,9,8,0,78,176,767,1,0,179,829,8,25,110,454,2,0,126,487,3,0,120,490,5,41,132,458,3,2,4,0,3,25,121,454,3,126,435,34,15,3,24,112,475,2,3,,,,
2456382,0.44,1388,270531510,27053,27,2705343000,Minneapolis W-4 P-2,2280,2300,173,1040,664,54,339,1,1,28,1618,1677,108,897,421,35,205,0,0,11,9,27,231,0,502,0,0,66,0,169,528,0,2,0,68,167,512,0,0,2,97,0,162,497,0,0,1,34,76,220,437,1,18,1,0,37,41,206,485,0,55,168,538,0,44,58,188,464,0,5,297,756,1,0,2,15,0,4,1,0,218,733,2,0,230,752,6,159,525,36,0,193,467,51,0,159,482,33,2,169,486,31,1,152,474,2,158,428,110,0,184,524,0,7,152,506,0,2,262,801,3,0,15,3,1,0,144,261,639,10,8,0,77,205,728,1,0,212,763,4,21,139,423,1,0,163,436,0,0,154,436,5,48,153,423,2,1,0,3,0,25,142,418,1,156,413,24,7,0,25,130,441,3,0,,,,
2456440,1.04,1357,270531360,27053,27,2705343000,Minneapolis W-1 P-1,1642,1492,87,1135,156,42,54,0,5,13,1294,1199,53,985,82,32,39,0,3,5,2,16,229,0,449,1,0,39,0,168,456,0,0,0,0,167,481,0,0,2,0,0,0,505,0,0,21,22,94,211,357,0,4,2,0,38,43,209,373,1,33,166,469,1,44,52,179,385,0,0,253,601,0,0,0,8,1,4,2,0,176,592,0,0,148,537,0,133,516,22,0,175,437,59,0,135,470,26,1,149,464,24,1,129,470,1,124,371,158,1,132,502,30,1,114,537,0,2,220,649,5,0,10,2,3,0,142,198,535,1,1,0,84,163,598,0,34,117,613,1,28,146,418,0,0,156,472,2,0,157,460,1,49,151,438,2,1,1,0,1,29,153,436,1,153,427,34,7,0,19,137,467,0,1,,,,
1681946,42.37,4084,271710085,27171,27,2717122400,Franklin Twp.,2710,2760,43,2669,19,8,14,0,7,0,1970,2022,28,1968,7,7,8,0,4,0,6,21,940,3,488,2,1,0,64,975,392,0,2,0,0,858,524,0,0,5,0,0,638,562,0,0,191,20,203,895,316,3,7,1,0,22,72,870,453,0,64,771,576,5,32,106,812,435,4,1,1048,548,0,0,2,10,6,4,3,0,1047,564,0,0,1016,542,0,753,583,33,0,857,427,78,1,746,505,62,0,815,460,3,0,708,550,0,789,492,82,2,845,485,0,1,848,484,0,0,1047,623,1,1,19,1,5,0,301,915,464,1,6,0,179,897,590,0,0,1068,563,4,64,875,463,1,0,1005,398,1,0,1002,416,1,154,922,354,3,0,1,1,0,55,866,472,0,861,486,22,21,0,64,791,526,5,0,,,,
1682139,4.04,4083,271710075,27171,27,2717115454,Delano,3901,5464,75,5216,40,22,97,1,1,12,2594,3719,40,3597,15,18,44,1,1,3,6,38,1161,0,680,0,2,0,116,1211,521,0,10,0,0,1089,709,0,0,5,0,0,804,805,0,0,215,29,260,1113,498,5,7,2,3,28,94,1094,650,1,65,984,801,4,42,121,1062,571,3,4,1494,897,2,1,1,10,0,5,3,0,1460,932,0,0,1564,767,0,1145,1005,65,1,1355,733,116,1,1161,826,85,1,1272,732,63,3,1110,861,1,1220,832,160,3,1357,768,0,2,1472,706,0,1,1738,1160,1,0,27,5,7,0,499,1618,796,3,6,0,312,1502,1079,0,0,1882,963,1,140,1401,869,0,0,1683,711,1,0,1683,753,5,244,1497,725,2,1,5,3,0,92,1368,888,2,1385,877,47,32,1,120,1257,929,22,0,,,,
1682256,0.34,1577,270532695,27053,27,2705355006,Rockford P-1,144,426,7,406,7,3,3,0,0,0,116,336,4,322,5,2,3,0,0,0,0,3,89,0,48,0,0,0,16,78,44,0,0,0,0,70,64,0,0,0,0,0,48,71,0,0,32,4,24,74,36,2,1,0,0,1,8,73,53,0,9,70,59,0,4,11,74,45,0,1,126,93,0,0,1,2,0,0,0,0,116,108,0,0,125,88,0,58,70,8,0,73,52,11,0,58,60,12,0,65,53,8,0,60,63,0,65,59,12,0,68,65,0,0,68,63,0,0,98,103,0,0,4,1,1,0,50,89,62,1,0,0,35,89,76,0,0,94,92,1,3,70,45,0,0,76,41,1,0,75,42,0,13,66,40,0,1,0,0,0,12,67,35,0,62,46,6,3,0,6,58,51,0,0,,,,
2451488,0.81,1364,270531395,27053,27,2705343000,Minneapolis W-1 P-8,1977,1869,272,1132,264,92,75,2,10,22,1527,1474,171,1023,141,68,52,1,5,13,8,13,220,4,475,2,0,65,0,168,463,0,3,0,0,189,492,0,0,4,0,0,0,534,0,0,24,62,91,208,351,2,8,1,1,63,32,210,404,2,42,191,465,2,74,52,182,381,1,3,238,707,0,0,0,5,1,4,0,0,195,622,1,0,163,541,1,123,481,21,1,147,434,38,1,122,434,27,0,139,427,21,1,115,416,0,106,356,133,0,110,468,34,0,109,495,0,3,229,669,4,0,7,7,3,0,124,192,589,7,4,0,81,169,621,1,37,113,626,0,19,139,415,1,0,154,438,4,0,137,451,4,44,142,421,3,0,3,2,2,38,128,426,1,128,415,27,14,2,28,113,442,5,2,,,,
2451546,0.25,1393,270531535,27053,27,2705343000,Minneapolis W-4 P-7,2379,2091,113,1356,474,33,77,1,4,33,1688,1605,66,1156,295,24,44,1,3,16,10,19,362,4,689,1,2,99,0,273,689,0,2,0,110,283,662,0,0,3,123,0,257,674,0,0,3,57,124,327,550,0,25,0,0,78,46,336,586,1,73,279,698,1,76,77,286,587,3,2,339,1010,0,0,1,10,2,0,1,0,296,938,2,0,291,997,5,240,734,27,0,282,633,80,1,235,677,35,0,243,681,29,0,217,663,0,222,549,209,1,280,705,0,2,226,721,0,2,284,1007,3,1,10,4,6,0,155,302,838,5,6,0,83,282,888,1,0,287,941,6,28,214,616,1,0,227,659,2,0,218,659,4,64,229,602,4,2,2,2,1,33,206,624,1,214,602,43,14,1,35,199,641,4,1,,,,
2451586,0.45,1390,270531520,27053,27,2705343000,Minneapolis W-4 P-4,2760,2575,117,1839,412,35,134,4,11,23,2059,1994,75,1513,275,31,80,2,6,12,7,27,464,0,902,3,0,119,0,382,886,0,3,0,123,382,858,0,0,4,174,0,360,830,0,0,7,55,185,437,726,1,16,1,0,99,70,470,742,0,70,374,928,1,104,101,388,751,2,3,499,1145,0,1,1,21,1,7,2,0,413,1119,1,0,415,1181,4,318,982,57,0,400,844,101,0,341,873,60,2,367,866,50,1,316,836,4,303,725,285,5,429,891,0,2,323,923,0,2,409,1209,10,0,18,7,3,0,224,424,984,9,1,0,92,364,1133,1,0,367,1194,10,32,256,802,1,0,275,857,4,0,283,836,9,113,273,769,6,2,6,5,2,51,273,811,1,282,791,45,16,0,47,239,841,6,0,,,,
2451642,0.77,1387,270531505,27053,27,2705343000,Minneapolis W-4 P-1,3170,3031,300,1268,823,55,526,0,11,48,2213,2174,176,1110,498,43,315,0,8,24,8,21,356,10,682,4,2,90,0,234,713,0,2,0,89,260,659,0,0,4,82,0,219,708,0,0,0,48,132,300,571,6,11,4,1,49,46,305,636,0,56,236,725,1,54,77,250,611,0,3,365,1113,0,0,2,15,1,2,1,0,281,1016,5,0,280,1066,3,176,775,41,2,230,693,72,0,196,717,31,1,216,699,31,2,186,713,1,193,596,174,3,231,740,0,4,165,772,0,3,330,1149,2,1,10,7,4,0,205,338,945,5,4,0,85,266,1057,3,0,280,1123,5,22,181,606,0,0,202,655,1,0,200,657,1,69,183,630,5,0,4,4,0,31,184,638,0,201,603,34,15,0,20,170,657,8,0,,,,
2451704,0.49,1391,270531525,27053,27,2705343000,Minneapolis W-4 P-5,1965,1740,86,846,545,26,190,1,15,31,1350,1297,52,756,347,17,108,1,5,11,7,13,213,5,452,1,1,63,0,165,436,0,0,0,72,160,422,0,0,0,84,0,156,420,0,0,0,31,84,177,370,2,18,1,1,42,35,199,393,0,40,163,465,1,48,49,165,387,0,5,249,686,0,0,0,7,1,3,2,0,198,622,4,0,197,671,7,136,490,22,0,159,437,45,2,141,449,30,1,147,462,19,1,133,438,2,128,385,115,1,155,480,0,1,134,471,0,2,190,734,1,0,6,2,2,0,111,200,607,5,1,0,54,166,666,2,0,176,682,8,13,111,391,1,0,125,406,0,0,123,407,1,36,118,382,2,0,4,5,0,30,114,379,1,119,375,23,12,0,16,109,404,4,0,,,,
2451757,0.89,1216,270530200,27053,27,2705307948,Brooklyn Center P-1,4059,4116,396,2237,937,63,459,0,3,21,2974,2943,215,1895,502,49,270,0,2,10,5,42,586,3,889,0,0,0,0,756,715,0,3,0,0,504,963,0,0,4,0,113,538,823,0,0,2,44,202,537,710,2,10,3,1,50,84,559,782,1,85,443,944,1,48,134,479,780,1,4,674,1332,0,0,2,16,1,10,0,0,824,1111,3,0,595,1328,6,398,995,51,1,459,873,106,2,392,891,61,3,427,852,52,3,381,885,4,643,785,0,4,398,1009,0,3,414,1001,0,2,578,1334,11,0,19,7,5,0,294,524,1103,11,6,0,258,548,1067,0,0,476,1184,3,84,520,706,0,0,420,865,4,0,444,849,3,127,401,787,10,1,6,8,0,66,398,820,1,407,795,49,30,0,64,359,857,11,1,,,,
2084386,35,4100,271710150,27171,27,2717155024,Rockford Twp.,3334,3194,42,3072,32,11,32,0,4,1,2387,2433,26,2365,14,3,23,0,2,0,12,59,1056,0,582,3,2,0,153,1052,489,0,2,0,0,1032,635,0,0,6,0,0,712,732,0,0,205,29,274,982,434,3,8,2,0,25,96,996,577,3,83,901,698,0,54,130,919,555,2,2,1257,764,0,3,0,9,4,1,2,0,1200,825,0,0,1112,834,3,757,727,53,0,895,536,96,0,774,633,77,1,820,572,57,1,764,646,2,844,585,109,0,943,565,0,3,854,635,0,3,1200,764,3,0,27,7,13,0,440,1015,527,10,9,0,262,1027,699,0,0,1125,778,6,92,879,526,1,0,1027,479,2,0,986,493,1,192,900,427,1,1,7,3,2,95,881,527,0,896,537,30,32,0,98,810,567,11,0,,,,
2091509,2.33,4099,271710145,27171,27,2717155006,Rockford,3423,3890,76,3601,70,43,79,7,6,8,2314,2750,43,2593,31,30,40,2,5,6,12,59,1056,0,582,3,2,0,153,1052,489,0,2,0,0,1032,635,0,0,6,0,0,712,732,0,0,205,29,274,982,434,3,8,2,0,25,96,996,577,3,83,901,698,0,54,130,919,555,2,2,1257,764,0,3,0,9,4,1,2,0,1200,825,0,0,1112,834,3,757,727,53,0,895,536,96,0,774,633,77,1,820,572,57,1,764,646,2,844,585,109,0,943,565,0,3,854,635,0,3,1081,893,5,0,21,17,8,0,405,939,650,14,10,0,290,917,787,0,0,1064,787,9,82,749,500,1,0,868,483,0,0,837,491,0,140,780,447,1,4,1,5,1,64,761,516,0,764,508,30,23,1,73,692,559,10,1,,,,
2111023,21.48,1317,270531050,27053,27,2705325622,Greenfield P-1,2544,2777,41,2654,16,19,47,0,0,0,1685,1951,21,1873,8,14,35,0,0,0,3,17,804,1,296,0,0,0,0,844,253,0,1,0,0,735,330,0,0,1,0,141,678,244,0,0,0,10,153,738,205,5,2,0,1,14,61,732,283,0,34,672,385,0,22,81,681,282,0,0,1016,477,0,0,0,7,0,2,2,0,1131,329,4,0,837,322,2,723,529,36,0,887,342,61,0,772,411,39,1,794,370,33,0,731,417,1,970,303,0,0,811,414,0,0,866,387,0,0,1127,537,3,0,10,5,3,0,317,996,353,4,0,0,229,1039,363,0,0,1166,440,0,55,980,293,0,0,1035,0,18,0,1003,311,1,132,935,275,1,2,4,0,1,39,883,373,0,873,390,23,15,0,45,800,448,8,0,,,,
2161528,19.42,1254,270530505,27053,27,2705313168,Corcoran P-2,2629,2564,136,2271,23,27,92,0,0,15,1762,1873,78,1704,9,17,61,0,0,4,7,33,841,2,372,2,0,0,0,916,299,0,1,0,0,803,389,0,0,0,0,157,745,293,0,0,0,22,197,727,294,6,2,1,0,30,61,751,369,0,51,656,506,0,22,101,705,349,0,1,965,526,0,0,0,4,1,1,2,0,1059,383,2,0,627,360,0,569,532,40,1,708,378,50,0,603,426,44,1,638,400,32,2,577,448,1,806,329,0,0,664,445,0,1,713,409,0,1,935,551,4,0,10,6,2,0,272,845,383,7,5,0,196,879,401,0,0,982,470,3,51,755,283,2,0,849,0,30,0,785,295,1,103,685,306,1,1,2,2,0,42,676,346,1,680,356,21,9,1,57,617,384,4,1,,,,
2167635,2.76,1349,270531285,27053,27,2705340166,Maple Grove P-20,2802,4986,98,4339,118,7,386,15,12,11,1751,3308,55,2940,60,3,234,7,5,4,3,6,651,4,219,0,1,0,0,718,135,0,0,0,0,612,226,0,0,1,0,119,543,164,0,0,2,9,114,581,170,0,3,0,0,14,32,600,199,1,32,521,291,0,12,56,572,180,1,2,1290,809,0,0,0,12,1,1,1,0,1481,548,0,0,1146,583,1,1035,937,53,1,1388,550,91,1,1181,681,51,1,1194,677,42,0,1128,710,1,1525,490,0,3,1225,702,0,1,1297,662,0,0,1518,1049,1,2,12,8,4,0,344,1551,683,2,5,0,220,1526,773,0,0,1621,823,5,48,1474,498,0,0,1539,0,40,0,1451,546,1,265,1239,533,0,3,3,0,0,54,1266,647,0,1265,637,24,14,2,58,1174,721,6,0,,,,
2167706,0.74,1348,270531280,27053,27,2705340166,Maple Grove P-19,2063,2920,42,2408,87,5,364,0,6,8,1320,1941,27,1626,50,5,224,0,4,5,1,10,871,1,366,1,2,0,0,975,245,0,1,0,0,837,362,0,0,1,0,140,755,281,0,0,1,14,133,796,297,0,4,1,1,19,23,829,336,0,25,718,466,2,14,50,792,321,2,2,956,576,0,0,0,4,0,1,1,0,1101,379,1,0,863,407,1,566,564,28,0,773,336,52,0,663,406,29,0,665,398,28,0,623,416,0,854,304,0,0,694,427,0,2,739,393,0,0,856,699,3,0,4,2,1,0,157,925,469,3,0,0,91,898,522,0,0,941,523,3,33,810,320,1,0,875,0,18,0,791,355,2,163,688,320,3,1,0,0,1,27,686,412,2,690,404,8,7,1,25,643,443,3,2,,,,
2167852,1.56,1347,270531275,27053,27,2705340166,Maple Grove P-18,2148,2936,47,2647,66,7,154,0,5,10,1307,1927,26,1761,36,3,95,0,0,6,1,15,979,2,370,0,0,0,0,1098,237,0,0,0,0,958,349,0,0,0,0,206,827,258,0,0,0,9,185,864,300,0,2,2,0,14,55,901,351,0,36,802,478,0,13,89,859,320,0,2,1023,574,0,0,0,8,0,1,0,0,1184,378,1,0,888,407,2,675,571,29,1,855,356,66,0,765,418,41,0,775,410,29,0,716,435,1,962,303,0,1,808,438,0,3,841,408,0,1,1025,695,0,0,4,4,2,0,205,1074,438,4,2,0,116,1076,492,0,0,1169,485,1,42,1004,311,0,0,1057,0,20,0,961,378,1,182,852,335,1,1,0,0,0,32,840,435,1,851,414,23,8,0,49,805,442,5,0,,,,
2167907,0.95,1346,270531270,27053,27,2705340166,Maple Grove P-17,2266,2003,36,1836,52,1,70,0,0,8,1605,1599,23,1488,30,1,50,0,0,7,2,18,746,6,467,0,0,0,0,888,322,0,0,0,0,755,436,0,0,0,0,166,648,355,0,0,0,24,170,665,361,2,7,1,1,25,52,697,429,0,45,570,587,1,33,99,621,420,0,1,775,671,0,0,2,6,2,4,1,0,946,471,1,0,690,512,0,464,616,29,0,618,413,73,0,513,500,40,1,548,465,36,0,504,489,1,736,363,0,0,585,493,0,1,582,496,0,3,705,680,0,0,4,7,1,0,229,690,461,5,3,0,149,706,499,0,0,761,553,5,43,638,329,0,0,744,0,30,0,596,403,0,126,520,369,3,2,0,0,0,43,518,428,1,531,414,27,7,0,42,473,464,3,0,,,,
2180436,4.90,1341,270531245,27053,27,2705340166,Maple Grove P-12,1864,3440,127,2709,288,24,271,3,9,9,1456,2667,76,2209,173,15,181,3,4,6,4,16,836,10,542,1,1,0,0,997,371,0,1,0,0,822,508,0,0,2,0,0,1100,0,0,0,24,16,203,763,412,0,4,1,0,24,59,777,503,0,44,672,638,0,21,98,729,476,1,0,964,788,0,0,0,9,0,5,1,0,1089,574,82,0,850,673,2,572,668,49,1,732,468,85,1,621,563,48,1,657,523,41,3,609,551,2,839,433,0,3,678,559,0,0,612,559,68,2,904,984,1,0,12,6,8,0,294,901,689,5,3,0,186,899,754,0,0,916,838,2,48,810,447,0,0,930,0,41,0,724,563,1,149,676,494,0,2,2,0,1,43,674,553,0,687,539,20,14,0,46,623,598,3,0,,,,
2189806,2.66,1245,270530420,27053,27,2705307966,Brooklyn Park W-W P-6,2410,2347,107,1071,662,22,428,6,6,45,1704,1661,55,898,373,15,288,4,3,25,2,14,486,2,430,0,1,0,0,549,360,0,2,0,0,399,500,0,0,2,0,0,440,450,0,0,4,15,117,438,344,1,11,1,0,12,49,448,399,0,41,376,485,1,22,58,402,407,0,2,513,616,0,0,0,7,1,3,0,0,569,491,2,0,450,578,2,261,417,25,0,326,351,26,0,279,368,27,0,292,349,19,0,278,363,0,386,312,0,2,257,426,0,1,283,398,0,0,398,670,1,0,2,1,0,0,141,392,526,2,4,0,122,384,524,0,0,391,574,2,37,326,281,0,0,287,344,1,0,299,335,0,71,266,304,6,0,3,1,0,31,273,325,0,281,312,22,11,2,38,245,338,6,1,,,,
2189881,0.42,1226,270530315,27053,27,2705307966,Brooklyn Park W-C P-4,2177,2195,140,1106,547,6,367,0,12,17,1649,1572,81,893,353,4,227,0,7,7,3,20,509,7,428,0,0,0,0,641,304,0,4,0,0,447,503,0,0,3,0,0,501,443,0,0,2,23,133,469,335,2,10,0,0,27,56,494,376,1,32,428,493,0,26,73,442,391,2,0,533,620,0,0,0,6,0,0,2,0,642,478,0,0,483,618,0,297,450,15,0,343,358,56,0,327,387,23,0,345,360,20,0,314,376,1,440,313,0,1,294,454,0,1,313,430,0,0,436,766,1,0,2,3,3,0,157,418,613,2,4,0,109,433,598,0,0,434,677,3,39,382,295,1,0,313,390,3,0,327,373,1,74,305,342,1,0,3,3,0,26,307,371,1,313,352,19,9,1,27,282,391,2,1,,,,
2194225,0.34,1223,270530300,27053,27,2705307966,Brooklyn Park W-C P-1,2556,2789,224,584,1486,28,425,3,8,31,1905,1956,132,522,984,20,282,2,4,10,1,11,131,0,253,0,0,0,0,163,203,0,0,0,0,105,258,0,0,0,0,0,107,249,0,0,0,14,42,118,199,0,13,0,1,13,20,114,224,0,27,94,256,0,15,35,95,217,0,0,195,514,0,0,0,3,0,2,0,0,220,408,3,0,155,464,3,105,295,22,1,130,265,21,1,114,278,17,0,106,274,17,0,100,283,0,157,267,0,1,112,302,0,0,112,294,0,1,148,664,0,0,5,0,1,0,76,152,563,7,4,0,70,158,549,0,0,134,605,3,27,116,263,1,0,93,303,0,0,94,299,1,26,87,298,3,2,0,1,0,21,87,283,0,97,279,16,3,2,13,82,303,2,0,,,,
2194308,0.59,1224,270530305,27053,27,2705307966,Brooklyn Park W-C P-2,2764,2715,201,981,888,13,580,9,20,23,1943,1916,119,836,574,7,348,5,13,14,4,16,407,3,450,1,0,0,0,518,335,0,2,0,0,344,504,0,0,1,0,0,384,454,0,0,0,17,116,371,358,1,9,1,1,20,33,389,410,0,32,320,503,0,24,63,344,405,0,1,460,674,0,0,1,10,0,2,0,0,511,559,3,0,385,672,4,237,462,16,0,284,387,37,0,253,420,25,0,272,395,19,0,234,410,0,357,352,0,1,245,464,0,0,254,454,0,0,340,733,2,1,9,0,5,0,122,353,610,2,2,0,97,359,595,0,0,336,664,3,42,294,320,1,0,259,391,1,0,272,366,0,50,251,364,2,1,1,3,0,27,257,361,0,260,352,8,13,0,26,226,386,5,0,,,,
2194412,0.70,1225,270530310,27053,27,2705307966,Brooklyn Park W-C P-3,2350,2274,89,1262,495,15,396,0,9,8,1744,1677,58,1085,276,10,239,0,6,3,0,20,535,1,547,0,1,0,0,652,412,0,2,0,0,426,632,0,0,2,0,0,459,589,0,0,3,17,147,484,425,0,8,1,2,24,50,481,508,1,36,384,646,1,22,84,416,515,1,1,549,704,1,0,1,5,2,0,3,0,668,544,0,0,491,704,3,301,570,24,0,365,472,51,1,313,502,37,1,334,473,34,0,299,498,1,473,408,0,1,295,581,0,0,319,546,0,2,451,783,1,0,8,4,1,0,164,443,628,2,3,0,126,443,634,0,0,427,719,2,38,378,379,0,0,321,466,0,0,336,437,0,71,304,423,0,2,3,2,0,29,315,441,0,316,434,16,10,0,28,273,476,5,0,,,,
1811852,1.15,1352,270531300,27053,27,2705340166,Maple Grove P-23,2332,2248,63,1926,75,17,161,0,2,4,1485,1599,35,1411,39,10,101,0,1,2,6,16,739,3,365,0,0,0,0,866,240,0,4,0,0,732,348,0,0,1,0,0,882,0,0,0,8,12,156,675,281,0,3,1,1,19,46,697,321,1,40,601,451,0,18,83,666,300,0,0,772,532,0,0,1,3,0,0,1,0,913,359,63,0,759,410,1,481,553,22,0,637,353,56,0,543,412,31,1,571,380,25,0,522,397,0,756,295,0,1,578,433,0,0,509,458,49,0,721,638,0,1,5,4,1,0,166,739,453,4,1,0,112,719,491,0,0,715,575,1,41,628,312,2,0,714,0,25,0,556,425,0,136,532,326,1,1,0,1,0,30,541,382,0,556,366,23,7,0,37,501,405,7,0,,,,
1798832,8.31,1356,270531355,27053,27,2705341480,Medina P-1B,1786,2823,27,2595,47,10,139,3,1,1,1128,1873,11,1756,25,6,72,1,1,1,4,36,1445,5,604,1,1,0,0,1716,335,0,1,0,0,1481,549,0,0,1,0,0,1259,773,0,0,2,27,296,1326,433,3,2,1,1,40,77,1412,482,0,75,1246,703,2,30,136,1302,504,0,6,1746,919,0,0,2,12,1,6,2,0,2029,578,3,0,1729,780,3,1356,1060,62,2,1674,657,143,1,1492,795,78,2,1520,748,59,2,1418,808,2,1916,537,0,5,1577,737,93,2,1834,0,0,46,1079,563,0,0,4,5,3,0,195,1094,350,1,7,0,112,1104,398,0,0,1077,432,0,45,1007,245,1,0,983,295,1,0,978,284,2,140,931,241,0,0,1,2,1,31,915,308,1,904,326,14,10,1,42,860,344,4,3,,,,
1798989,0.94,1550,270532455,27053,27,2705351730,Plymouth W-2 P-12,2165,2075,40,1847,40,5,137,0,1,5,1561,1522,20,1394,25,3,77,0,0,3,4,17,754,7,413,0,0,0,0,966,204,0,1,0,117,717,286,0,0,1,0,0,772,345,0,0,2,18,166,670,334,0,0,0,0,27,57,733,333,0,47,650,468,0,24,82,701,320,0,1,733,564,0,1,1,4,0,2,1,0,921,347,2,0,756,465,2,499,544,31,0,658,337,74,1,586,394,41,1,586,393,35,0,547,408,0,806,257,0,1,594,464,0,3,615,420,0,0,641,628,1,0,6,4,1,0,152,708,407,6,0,0,124,693,441,0,0,683,536,1,36,634,334,0,0,524,474,1,0,557,430,2,181,513,326,0,1,1,1,0,35,532,408,0,541,408,14,6,2,31,500,439,6,0,,,,
1799037,1.16,1551,270532460,27053,27,2705351730,Plymouth W-2 P-13,2231,2066,27,1936,52,6,32,0,4,9,1746,1628,16,1558,24,6,16,0,3,5,5,20,729,9,575,0,1,0,0,1019,297,0,0,0,121,689,455,0,0,1,0,0,771,495,0,0,1,21,246,615,449,0,3,0,0,28,56,720,493,0,60,594,645,0,19,101,642,505,1,5,750,741,0,0,2,5,0,1,0,0,1023,443,1,0,760,651,1,482,742,34,0,679,491,94,0,585,583,34,0,604,563,27,1,552,595,0,894,366,0,0,667,580,0,1,627,601,0,0,700,740,3,0,5,5,0,0,218,707,520,8,2,0,164,696,567,0,0,661,706,3,50,641,418,0,0,535,565,0,0,549,536,1,164,504,457,0,0,0,1,0,40,518,537,0,509,549,16,10,1,40,464,586,4,1,,,,
1799095,1.14,1547,270532440,27053,27,2705351730,Plymouth W-2 P-9,3008,2760,99,2464,121,15,54,0,4,3,2066,1951,51,1781,68,9,38,0,2,2,19,14,1059,6,579,1,0,0,0,1285,279,0,0,0,0,1016,510,0,0,0,0,0,883,622,0,0,2,24,233,891,412,2,6,0,1,42,69,979,440,0,53,818,673,1,34,104,892,465,0,3,970,821,0,1,1,6,0,2,3,0,1241,518,1,0,990,683,0,645,783,36,0,842,522,95,1,777,577,41,0,774,555,44,0,723,580,0,1056,398,0,0,783,565,68,2,999,0,0,39,887,894,3,0,12,2,5,0,242,911,634,4,6,0,175,927,659,0,0,932,712,3,62,828,451,0,0,845,473,1,0,767,529,0,215,673,458,3,1,3,1,1,62,683,571,1,694,575,22,18,0,66,633,606,5,0,,,,
1799149,0.69,1545,270532430,27053,27,2705351730,Plymouth W-1 P-7,2528,2351,61,2006,32,6,222,0,8,16,1454,1531,30,1345,16,3,129,0,1,7,1,7,704,0,391,0,0,0,0,904,213,0,1,0,0,698,381,0,0,1,0,0,639,436,0,0,1,6,141,671,314,0,0,0,0,17,38,697,341,1,18,617,461,0,14,67,662,318,0,1,773,557,0,0,0,4,1,1,1,0,999,315,1,0,747,475,4,508,581,27,0,675,370,70,1,622,407,23,0,621,401,14,1,585,409,1,842,267,0,0,599,420,43,0,741,0,0,35,692,696,1,1,7,6,1,0,183,769,441,2,0,0,110,787,466,0,0,737,529,2,35,707,333,0,0,685,360,0,0,674,359,0,154,586,340,2,0,1,2,0,25,599,422,0,591,427,12,2,0,30,547,451,4,1,,,,
1799182,1.09,1548,270532445,27053,27,2705351730,Plymouth W-2 P-10,3093,2827,72,2552,42,4,132,3,19,3,2078,1981,32,1824,28,4,80,2,11,0,1,0,1078,2,559,0,0,0,0,1348,268,0,0,0,0,1061,499,0,0,2,0,0,942,609,0,0,1,26,212,945,451,0,2,2,0,36,57,1019,466,0,37,871,674,2,30,95,945,469,1,3,1066,785,0,0,1,13,1,2,2,0,1401,435,1,0,1084,643,1,733,785,26,1,965,502,78,0,867,557,35,1,851,568,38,1,793,598,0,1155,378,0,2,853,584,53,1,1042,0,0,45,962,882,1,0,6,6,5,0,217,1043,583,5,5,0,127,1043,647,0,0,1060,653,2,55,975,451,0,0,970,481,0,0,924,503,1,244,791,449,1,2,1,2,0,52,813,581,0,823,589,18,10,0,41,780,620,0,0,,,,
1703717,34.48,1327,270531150,27053,27,2705330842,Independence P-1,3236,3504,47,3374,15,23,41,4,0,0,2262,2584,26,2505,8,16,29,0,0,0,3,33,1308,7,623,2,1,0,0,1503,412,0,2,0,0,1341,554,0,0,1,0,0,1215,684,0,0,1,26,300,1219,407,2,6,0,2,45,114,1216,539,1,75,1098,732,0,33,165,1168,504,1,4,1516,755,0,0,0,15,0,5,1,0,1696,543,4,0,1519,657,0,1071,781,45,1,1293,495,104,0,1136,600,72,2,1204,548,54,1,1081,621,1,1437,443,0,1,1235,500,124,2,1490,0,0,44,1463,813,4,0,21,4,5,0,341,1401,556,2,5,0,274,1412,573,0,0,1509,676,3,105,1381,384,0,0,1434,425,0,0,1379,462,0,196,1273,422,2,0,1,2,2,74,1219,536,0,1251,552,24,16,0,80,1145,602,9,0,,,,
1707185,1.12,1353,270531335,27053,27,2705340256,Maple Plain P-1,2088,1768,84,1624,38,6,16,0,0,0,1484,1378,51,1287,24,5,11,0,0,0,5,25,531,0,319,0,2,0,0,654,232,0,2,0,0,568,309,0,0,0,0,0,454,429,0,0,0,13,135,513,248,1,0,4,0,19,55,496,313,0,29,440,411,1,21,61,495,279,0,3,568,459,0,0,0,5,2,1,1,0,664,321,2,0,563,384,1,341,407,31,0,434,288,52,0,372,322,38,0,392,300,28,0,347,341,0,505,262,0,1,430,292,43,0,586,0,0,18,515,481,1,0,8,0,4,0,173,461,365,2,6,0,157,483,331,0,0,510,439,0,58,428,234,1,0,441,272,1,0,422,280,0,102,354,261,3,1,6,0,1,35,369,293,1,369,300,14,9,1,38,338,310,7,1,,,,
1707220,8.36,1537,270532370,27053,27,2705348580,Orono P-4,2197,2483,55,2359,20,7,33,0,5,4,1535,1715,27,1647,13,4,17,0,4,3,9,17,990,11,462,0,1,0,0,1225,239,0,2,0,0,993,444,0,0,2,0,0,1175,0,0,0,21,31,212,898,345,0,2,1,1,49,64,973,343,1,52,886,503,2,43,95,929,331,1,0,1043,662,0,0,0,9,3,2,0,0,1283,400,0,0,1128,507,6,361,481,29,0,455,336,70,0,381,398,41,0,407,387,24,0,375,386,2,603,264,0,0,442,345,60,1,422,421,0,1,834,656,1,0,7,6,2,0,180,890,417,8,1,0,124,884,454,0,0,908,512,0,61,864,306,0,0,880,330,1,0,835,378,0,248,722,265,1,1,4,3,0,52,762,379,0,773,375,25,10,0,49,714,416,6,1,,,,
1707333,0.29,1329,270531170,27053,27,2705338222,Loretto P-1,570,650,8,635,4,2,0,0,1,0,403,490,5,482,1,2,0,0,0,0,1,2,232,0,102,1,0,0,0,245,78,0,0,0,0,211,104,0,0,0,0,0,199,114,0,0,0,6,44,212,70,0,1,0,0,2,14,194,114,0,8,168,144,0,4,25,176,101,0,0,261,149,0,0,0,1,0,0,0,0,292,104,0,0,242,133,0,180,135,10,0,205,103,17,0,185,115,10,0,201,101,7,0,174,120,0,231,89,0,0,188,113,10,0,248,0,0,1,259,145,1,0,4,1,4,0,78,224,103,4,4,0,62,240,96,0,0,248,123,1,23,235,71,0,0,226,90,1,0,215,92,2,34,226,72,0,0,3,2,0,21,191,100,1,193,102,8,7,1,21,178,110,4,2,,,,
1707359,18.63,1355,270531350,27053,27,2705341480,Medina P-1A,2219,2069,34,1967,15,6,43,0,4,0,1586,1515,16,1461,9,5,20,0,4,0,4,36,1445,5,604,1,1,0,0,1716,335,0,1,0,0,1481,549,0,0,1,0,0,1259,773,0,0,2,27,296,1326,433,3,2,1,1,40,77,1412,482,0,75,1246,703,2,30,136,1302,504,0,6,1746,919,0,0,2,12,1,6,2,0,2029,578,3,0,1729,780,3,1356,1060,62,2,1674,657,143,1,1492,795,78,2,1520,748,59,2,1418,808,2,1916,537,0,5,1577,737,93,2,1834,0,0,46,849,600,2,0,13,6,4,0,210,856,396,3,1,0,147,868,425,0,0,911,473,1,62,847,283,0,0,855,320,1,0,825,338,1,189,694,314,6,0,1,1,0,61,708,390,0,729,398,19,14,0,61,680,410,7,0,,,,
1793151,8.79,1534,270532355,27053,27,2705348580,Orono P-1,2364,2214,24,2119,15,4,40,3,4,5,1636,1616,13,1559,10,4,22,2,4,2,3,15,890,9,392,0,0,0,0,1107,178,0,2,0,0,896,367,0,0,0,0,0,1046,0,0,0,19,16,208,799,275,0,2,0,0,35,58,863,292,1,40,803,416,1,21,88,820,284,0,0,865,545,0,0,1,7,2,1,2,0,1092,301,1,0,934,428,0,694,596,26,0,866,334,112,0,774,428,48,0,787,417,32,0,755,412,1,1007,304,0,0,853,376,66,0,816,467,0,0,834,656,1,0,7,6,2,0,180,890,417,8,1,0,124,884,454,0,0,908,512,0,61,864,306,0,0,880,330,1,0,835,378,0,248,722,265,1,1,4,3,0,52,762,379,0,773,375,25,10,0,49,714,416,6,1,,,,
1793245,0.93,1328,270531160,27053,27,2705338006,Long Lake P-1,1842,1768,71,1610,39,7,35,2,2,2,1388,1346,47,1246,21,7,21,2,1,1,8,15,514,4,398,0,0,0,0,683,237,0,1,0,0,516,394,0,0,0,0,0,710,0,0,0,14,28,138,461,301,1,5,1,0,35,47,493,333,0,43,438,436,0,37,66,474,305,1,1,554,517,0,0,0,6,1,2,0,0,720,329,2,0,565,450,2,361,481,29,0,455,336,70,0,381,398,41,0,407,387,24,0,375,386,2,603,264,0,0,442,345,60,1,422,421,0,1,510,531,2,0,8,2,1,0,180,494,373,2,1,0,138,509,381,0,0,517,465,0,47,493,299,1,0,499,329,0,0,457,364,0,126,378,343,1,0,4,2,1,30,392,380,0,400,372,24,11,0,33,354,419,3,0,,,,
1846876,2.66,1556,270532485,27053,27,2705351730,Plymouth W-3 P-18,3675,3847,144,3226,166,27,271,0,8,5,2761,3032,90,2607,108,19,202,0,4,2,4,29,1036,5,895,3,0,0,0,1341,591,0,1,0,243,959,678,0,0,1,0,0,1055,810,0,0,0,48,302,899,701,2,6,2,1,60,107,981,763,1,79,826,1003,2,48,141,929,734,3,2,1140,1206,0,0,0,13,4,6,4,0,1413,878,1,0,1151,1086,2,740,1086,55,3,957,795,117,2,830,911,59,1,854,881,39,1,786,930,2,1185,683,0,0,906,960,0,2,881,948,0,4,1110,1277,6,0,14,5,3,0,324,1103,962,7,5,0,232,1133,993,0,0,1025,1243,5,83,965,694,0,0,838,897,0,0,869,853,0,219,816,723,3,0,4,1,0,57,821,835,1,817,825,42,12,0,58,735,896,5,1,,,,
1846951,3.55,1553,270532470,27053,27,2705351730,Plymouth W-3 P-15,6120,5659,133,4510,320,27,649,2,7,11,4695,4492,84,3715,199,21,458,2,4,9,15,39,1550,10,1069,1,4,0,0,1957,667,0,2,0,330,1398,813,0,0,0,0,0,1512,996,0,0,1,50,403,1386,819,1,5,0,2,61,134,1486,904,0,100,1278,1217,2,57,172,1400,894,2,4,1701,1657,0,0,2,19,5,7,4,0,2172,1103,1,0,1738,1424,1,989,1438,72,0,1293,1036,161,0,1239,1097,71,0,1201,1109,67,0,1134,1153,0,1670,823,0,5,1261,1221,0,4,1257,1177,0,2,1477,1826,3,0,29,12,6,0,470,1513,1334,16,9,0,348,1526,1381,0,0,1664,1539,3,104,1327,924,1,0,1147,1199,1,0,1276,1059,0,343,1053,958,9,4,7,5,0,93,1109,1117,0,1127,1105,55,27,0,103,1013,1177,12,0,,,,
1852234,2.56,1554,270532475,27053,27,2705351730,Plymouth W-3 P-16,2382,2366,40,2100,100,11,105,2,6,2,1825,1855,27,1686,56,7,72,1,4,2,6,18,717,11,601,0,2,0,0,985,309,0,1,0,174,640,434,0,0,1,0,0,687,547,0,0,1,26,219,609,468,0,1,0,0,39,57,697,480,1,49,600,625,0,31,95,625,490,2,0,734,867,0,0,3,8,0,0,2,0,982,576,2,0,749,767,5,450,795,30,0,610,568,89,0,539,644,43,0,554,630,33,0,512,636,0,789,468,0,0,557,704,0,0,564,674,0,1,704,948,0,0,8,6,2,0,275,699,665,9,7,0,175,711,716,0,0,801,766,2,52,632,516,0,0,509,670,1,0,597,583,1,187,485,526,2,0,2,5,2,53,495,610,0,528,605,18,13,0,48,460,646,3,0,,,,
1852427,0.32,1354,270531345,27053,27,2705341462,Medicine Lake P-1,367,371,5,331,19,8,7,1,0,0,290,291,1,270,10,4,5,1,0,0,0,9,121,2,104,0,0,0,0,176,55,0,0,0,57,99,68,0,0,0,0,0,119,100,0,0,0,5,54,98,78,0,0,0,0,14,22,116,73,0,23,101,104,0,5,34,101,77,0,0,126,144,0,0,0,1,0,0,0,0,172,94,0,0,134,124,0,79,131,7,0,109,89,19,0,94,104,6,0,104,91,7,0,92,97,0,135,79,0,0,99,113,0,0,89,112,0,0,117,145,0,0,2,1,1,0,54,118,91,0,1,0,27,119,115,0,0,133,124,1,15,127,85,0,0,105,122,0,0,111,111,0,55,88,82,1,1,1,1,0,12,95,113,0,104,106,7,2,0,9,89,121,2,0,,,,
1852461,1.07,1557,270532490,27053,27,2705351730,Plymouth W-3 P-19,1974,2292,102,1611,383,28,136,5,8,19,1586,1777,58,1373,211,22,100,2,5,6,5,11,339,5,354,0,0,0,0,454,242,0,2,0,123,290,273,0,0,2,0,0,335,344,0,0,2,14,133,299,261,1,2,1,1,28,43,319,307,0,33,278,387,1,32,65,297,298,1,1,426,567,0,0,0,9,0,2,2,0,551,401,3,0,421,494,4,232,473,28,0,325,356,55,0,276,388,32,1,270,398,24,2,255,397,2,402,320,0,2,319,403,0,2,280,427,0,2,409,732,1,0,13,7,2,0,181,401,550,11,3,0,144,410,553,0,0,447,657,1,45,361,323,0,0,308,413,4,0,326,389,2,107,286,328,3,1,1,2,1,39,298,378,0,290,398,21,11,0,33,269,405,5,1,,,,
1852544,0.82,1555,270532480,27053,27,2705351730,Plymouth W-3 P-17,2531,2433,111,2014,180,18,105,0,2,3,1994,2005,65,1698,143,18,77,0,1,3,1,19,588,4,517,0,0,0,0,771,305,0,4,0,161,516,380,0,0,1,0,0,573,484,0,0,0,14,147,542,400,0,5,3,0,45,47,557,426,1,48,483,545,1,34,82,502,429,2,3,677,740,0,0,1,5,0,2,0,0,851,532,1,0,694,647,3,446,591,34,1,560,437,71,0,505,491,38,0,505,483,38,0,489,488,0,687,376,0,0,520,543,0,1,510,530,0,1,598,778,2,0,7,6,7,0,186,617,579,1,6,0,134,602,614,0,0,631,689,1,42,560,395,0,0,484,502,1,0,540,446,2,122,471,411,0,1,2,0,1,30,475,471,1,506,451,14,5,1,31,447,494,3,1,,,,
1852583,0.76,1315,270531020,27053,27,2705324308,Golden Valley P-7,2702,2715,65,2287,176,18,149,0,4,16,2079,2133,32,1884,89,10,106,0,3,9,3,22,947,14,1121,0,2,80,0,759,1197,0,1,37,56,869,1059,0,0,1,59,0,926,1032,0,0,3,32,327,841,897,0,5,0,0,69,94,953,937,1,69,776,1196,3,45,153,848,923,2,7,966,1468,0,0,2,13,1,2,0,0,832,1422,4,0,916,1380,4,638,1287,50,1,795,1015,155,0,690,1125,68,2,737,1080,66,1,682,1073,2,599,743,579,2,707,1213,0,5,702,1183,0,3,684,1167,6,0,10,2,1,0,281,670,907,4,3,0,136,602,1018,4,0,692,1031,5,42,539,770,2,0,554,859,4,0,577,836,2,184,492,773,6,1,1,0,0,54,513,824,0,526,833,33,11,0,53,484,872,5,0,,,,
1852639,0.49,1523,270532290,27053,27,2705345628,New Hope P-1,2541,2432,121,1952,216,20,105,0,0,18,1952,1889,69,1604,121,16,72,0,0,7,7,17,579,3,599,1,0,53,0,444,662,0,1,0,0,469,703,0,0,2,0,0,621,557,0,0,2,30,171,518,469,1,6,1,0,35,59,533,534,0,49,459,660,1,35,83,497,516,0,3,633,865,0,0,0,3,1,2,1,0,532,828,47,0,653,745,2,385,660,33,0,495,505,71,1,432,554,35,0,460,529,31,1,422,534,0,399,406,246,1,412,645,0,1,449,602,0,2,603,844,2,0,12,7,2,0,199,604,643,3,8,0,107,523,738,1,0,577,790,4,37,423,468,0,0,438,553,0,0,444,545,0,118,407,478,0,0,1,2,0,37,411,521,0,423,531,14,6,0,32,391,548,3,0,,,,
1852682,0.99,1560,270532505,27053,27,2705351730,Plymouth W-4 P-22,2232,2203,58,1945,69,5,124,0,0,2,1468,1619,37,1460,37,2,81,0,0,2,3,8,778,1,419,0,0,0,0,922,246,0,1,0,100,698,320,0,0,0,0,0,736,390,0,0,1,6,140,701,341,1,2,0,0,15,39,725,369,0,33,638,477,0,7,69,671,375,0,0,802,607,0,0,0,6,0,1,2,0,980,403,1,0,810,530,1,533,630,35,1,709,431,58,1,649,490,27,0,638,483,22,0,608,498,0,862,334,0,1,673,517,0,1,651,513,0,0,793,716,1,1,4,8,1,0,181,835,487,11,2,0,128,818,531,0,0,870,571,3,34,747,389,1,0,637,521,0,0,715,445,0,176,620,387,2,0,2,1,0,38,627,490,0,639,487,12,9,1,27,598,522,1,0,,,,
1862800,0.41,1531,270532330,27053,27,2705345628,New Hope P-7,1823,1547,61,1312,95,13,62,0,2,2,1439,1187,31,1056,44,11,42,0,2,1,2,21,482,5,410,1,0,34,0,370,476,0,0,0,0,407,489,0,0,0,0,0,526,378,0,0,0,22,158,432,300,1,4,1,0,25,46,456,372,1,48,380,474,1,20,81,405,368,1,1,499,529,0,1,1,7,2,2,2,0,400,554,48,0,487,472,3,283,479,29,0,368,365,59,0,312,413,33,0,333,393,24,1,300,413,1,305,325,139,1,300,489,0,0,329,446,0,1,446,520,1,0,16,5,4,0,182,404,396,4,7,0,86,364,471,2,0,434,501,1,25,316,316,1,0,354,353,2,0,350,350,1,72,322,320,2,2,3,2,1,36,311,341,2,317,341,14,8,1,28,291,367,4,2,,,,
1862843,0.74,1241,270530395,27053,27,2705307966,Brooklyn Park W-W P-1,2643,2334,164,1471,511,12,149,0,9,18,2016,1762,102,1225,311,9,102,0,5,8,2,28,577,4,509,0,0,0,0,679,419,0,0,0,0,478,607,0,0,1,0,0,533,542,0,0,0,23,174,533,379,0,5,2,0,28,53,548,461,0,52,436,601,0,25,87,469,483,0,2,623,704,0,0,1,11,0,1,3,0,726,558,0,0,529,717,0,348,558,22,1,424,433,71,1,359,478,43,0,406,451,34,0,356,484,1,532,393,0,1,364,550,0,1,382,525,0,1,507,718,5,1,12,5,0,0,191,476,571,6,5,0,130,486,594,0,0,495,665,4,53,451,346,2,0,405,440,1,0,430,410,1,117,374,356,7,1,2,3,0,41,377,408,1,380,418,26,14,1,48,331,453,6,0,,,,
1862965,2.12,1316,270531025,27053,27,2705324308,Golden Valley P-8,2468,2642,95,2166,191,14,154,0,14,8,1946,2113,60,1793,127,9,111,0,8,5,7,25,561,8,754,0,0,48,0,444,812,0,2,34,36,500,723,0,0,2,43,0,585,660,0,0,3,26,195,492,633,0,6,2,1,48,52,546,665,1,58,469,787,0,42,98,494,641,1,3,607,1024,0,0,1,8,1,6,1,0,506,1019,2,0,524,1039,4,367,909,51,0,481,730,112,0,403,818,51,1,465,778,33,2,418,797,0,375,593,332,2,426,869,0,3,412,868,0,4,597,1189,2,0,8,6,2,0,239,624,922,8,1,0,124,535,1055,6,0,620,1063,4,42,461,765,0,0,473,861,0,0,497,819,0,157,428,763,5,1,2,2,1,48,445,809,0,456,819,21,13,0,50,399,863,3,0,,,,
1863073,0.92,1313,270531010,27053,27,2705324308,Golden Valley P-5,1865,1884,60,1585,161,11,57,0,4,6,1432,1493,38,1289,114,9,37,0,3,3,3,18,483,28,724,1,0,38,0,370,806,0,0,27,26,434,703,0,0,0,33,0,509,667,0,0,2,27,165,400,653,1,1,0,0,43,45,499,627,1,32,404,776,1,36,79,431,629,0,0,436,918,1,0,3,8,0,2,1,0,377,887,1,0,381,928,0,303,879,40,0,415,692,101,0,341,775,43,0,395,740,20,0,350,722,0,280,435,471,0,315,872,0,0,336,815,0,3,367,945,0,0,7,2,2,0,142,413,759,2,1,0,94,342,832,1,0,387,841,5,45,303,618,0,0,296,710,2,0,325,677,2,144,286,594,1,1,1,4,3,32,294,653,1,291,677,15,8,0,31,272,682,6,1,,,,
1863121,0.48,1524,270532295,27053,27,2705345628,New Hope P-2,2210,2034,55,1521,321,17,100,0,5,15,1762,1611,36,1276,215,14,65,0,0,5,0,10,456,6,446,1,1,31,0,342,533,0,0,0,0,359,558,0,0,0,0,0,470,436,0,0,1,9,143,398,373,1,4,0,0,14,37,429,428,0,25,365,524,0,14,62,406,411,0,1,475,688,0,0,2,6,2,1,2,0,370,695,33,0,486,610,0,285,583,27,1,380,443,72,0,328,510,24,0,329,486,20,0,318,496,0,292,365,204,1,294,582,0,2,339,533,0,0,761,1153,3,2,21,3,2,0,301,726,902,6,4,0,148,622,1041,2,0,692,1112,2,55,522,637,0,0,548,737,1,0,548,728,0,141,512,661,2,1,0,2,2,70,509,684,0,534,670,38,21,0,62,475,733,7,0,,,,
2439046,0.32,1400,270531570,27053,27,2705343000,Minneapolis W-5 P-4,2556,2391,148,411,1500,42,223,0,10,57,1645,1615,84,355,983,32,118,0,5,38,2,8,73,3,780,0,0,69,0,53,719,0,3,0,187,64,590,0,0,3,34,11,53,638,0,94,4,30,55,60,637,1,82,1,1,40,25,72,696,2,44,63,718,3,50,40,55,655,10,4,94,1048,1,3,3,6,0,1,1,0,90,928,1,0,97,979,3,56,587,27,4,56,555,50,4,54,556,21,1,53,557,17,1,45,525,0,46,582,54,2,77,576,0,3,49,541,68,0,58,1122,1,1,4,2,1,0,84,84,986,12,2,0,35,71,1028,4,28,67,1018,0,8,36,611,2,0,51,591,6,0,49,606,3,20,49,595,2,2,2,5,0,18,44,586,1,49,570,22,9,1,15,38,590,4,4,,,,
2439181,0.89,1402,270531580,27053,27,2705343000,Minneapolis W-5 P-6,4836,4859,468,1263,2219,117,690,4,13,85,3041,3326,271,1165,1347,84,400,4,8,47,8,13,115,4,663,2,3,83,0,84,594,0,2,0,122,103,538,0,0,1,77,31,86,516,0,43,1,55,88,98,509,1,46,6,2,64,39,118,547,0,65,102,585,2,80,48,99,513,1,2,145,1229,0,0,3,15,1,2,2,0,128,1020,2,0,129,1070,11,66,754,28,2,99,677,55,5,65,676,34,1,78,700,32,0,74,649,1,53,696,89,0,85,750,0,1,71,662,84,0,141,1515,4,1,12,5,4,0,140,175,1296,11,10,0,80,139,1368,3,104,126,1243,0,22,73,657,0,0,78,675,5,0,82,659,3,44,72,647,11,4,6,5,1,33,82,629,2,88,571,74,14,2,25,70,639,5,1,,,,
2439253,0.40,1403,270531585,27053,27,2705343000,Minneapolis W-5 P-7,2737,3128,477,186,2049,29,332,0,4,51,1530,1842,271,165,1180,22,176,0,3,25,2,3,32,0,341,3,0,26,0,20,304,0,0,0,68,23,256,0,0,0,9,5,24,270,0,37,0,16,18,24,271,3,35,0,0,12,11,27,304,0,17,19,308,0,13,12,20,292,2,0,72,724,0,0,0,5,0,0,0,0,55,610,2,0,51,638,1,36,378,9,0,30,376,20,4,28,359,11,2,29,359,9,0,28,348,0,21,383,32,0,29,383,0,1,19,337,49,0,37,1052,1,0,2,2,0,0,54,76,920,6,5,0,27,43,929,0,38,36,846,0,4,22,428,0,0,32,406,0,0,27,411,0,9,25,425,7,0,2,3,0,8,24,401,0,30,385,11,7,1,5,25,393,6,1,,,,
2439311,0.51,1397,270531555,27053,27,2705343000,Minneapolis W-5 P-1,4732,4233,333,850,2376,67,473,0,7,127,2891,2789,185,742,1510,49,241,0,4,58,6,10,179,3,1071,1,0,111,0,141,987,0,2,0,244,133,846,0,0,2,66,29,125,894,0,106,1,52,83,159,885,2,76,1,1,66,32,164,964,1,64,148,1001,3,66,57,144,931,4,2,248,1659,1,2,3,3,0,1,3,0,213,1421,6,0,199,1518,8,113,900,40,3,141,846,59,5,124,854,31,2,135,857,22,3,111,831,1,99,825,128,1,146,887,0,6,114,787,119,4,150,1688,4,0,4,3,1,0,125,186,1493,11,7,0,81,162,1523,7,109,133,1490,0,15,93,880,3,0,106,895,5,0,104,904,7,54,100,867,8,1,2,3,3,33,109,844,1,116,825,54,5,2,26,88,876,9,2,,,,
2439378,0.45,1394,270531540,27053,27,2705343000,Minneapolis W-4 P-8,4246,3774,306,1435,1502,48,401,2,11,69,2751,2587,185,1233,887,37,203,2,5,35,8,19,342,0,923,2,5,114,0,240,911,0,1,0,161,258,817,0,0,4,121,0,249,855,0,0,5,51,115,318,751,1,51,3,1,62,66,318,808,0,70,288,888,3,75,73,277,795,1,6,327,1482,0,0,1,13,2,6,1,0,275,1344,6,0,270,1426,6,175,898,44,0,219,819,68,1,199,821,37,2,202,833,41,2,181,810,2,179,750,167,1,234,869,0,4,182,856,0,3,240,1500,1,1,11,4,2,0,180,248,1282,15,8,0,91,239,1344,2,0,252,1361,13,24,167,796,0,0,166,858,0,0,162,857,1,68,164,798,9,2,5,2,2,45,160,804,0,160,804,40,11,0,31,147,837,1,1,,,,
2439431,0.38,1399,270531565,27053,27,2705343000,Minneapolis W-5 P-3,3448,3209,226,302,1971,78,553,11,0,68,1941,2006,129,256,1248,44,283,4,0,42,7,6,104,3,642,3,0,80,0,60,593,0,1,0,178,58,494,0,0,3,37,22,53,550,0,62,0,28,45,70,542,3,55,7,1,33,23,80,587,1,47,80,591,0,32,25,66,582,7,2,104,1095,3,1,2,5,0,1,1,0,102,907,2,0,84,984,0,75,538,22,0,68,523,29,2,62,509,27,0,74,507,13,1,59,507,1,52,523,50,0,79,534,0,1,48,465,91,0,63,1250,3,0,3,1,0,0,76,111,1062,9,10,0,36,87,1097,1,41,80,1079,0,12,43,527,0,0,53,529,2,0,54,529,0,19,46,543,9,0,0,2,1,23,51,506,2,56,481,30,12,0,18,41,514,3,0,,,,
2439492,0.17,1404,270531590,27053,27,2705343000,Minneapolis W-5 P-8,2087,1633,112,230,854,51,330,0,10,46,1069,1010,66,199,512,42,167,0,4,20,0,4,62,0,235,1,0,31,0,41,206,0,4,0,46,42,188,0,0,2,17,12,44,196,0,16,1,9,20,50,190,0,21,1,0,14,10,48,206,0,29,46,208,0,12,17,52,197,1,0,84,466,0,0,0,3,0,1,1,0,65,400,4,0,64,427,3,30,204,10,0,37,190,11,3,30,183,12,1,28,192,5,0,26,184,0,27,198,19,0,46,196,0,0,25,186,25,1,45,555,2,1,6,1,0,0,32,78,474,6,1,0,24,49,494,0,48,44,456,0,5,17,213,0,0,22,212,3,0,24,215,0,5,21,223,6,1,0,0,0,6,24,207,0,20,197,13,6,0,5,18,210,2,0,,,,
2442744,0.39,1401,270531575,27053,27,2705343000,Minneapolis W-5 P-5,2723,2384,130,544,1315,45,268,0,14,68,1753,1718,78,489,909,32,168,0,4,38,4,8,99,6,692,1,1,63,0,67,626,0,1,0,125,79,558,0,0,1,23,34,61,566,0,70,2,22,59,75,578,3,41,2,1,36,31,101,591,1,32,83,639,1,38,32,77,594,4,1,136,1028,0,0,1,6,1,0,2,0,128,896,2,0,111,960,3,84,635,24,1,89,587,60,2,73,596,29,2,80,577,30,0,83,570,0,59,606,76,0,88,642,0,2,79,558,76,0,69,1077,2,1,6,4,0,0,80,107,932,5,3,0,30,71,977,3,57,65,942,0,19,54,589,1,0,68,593,3,0,67,578,4,28,52,582,3,4,3,10,0,30,65,540,0,65,528,44,14,0,20,53,550,13,2,,,,
2442790,0.20,1406,270531600,27053,27,2705343000,Minneapolis W-5 P-10,2275,1697,136,334,908,27,252,0,2,38,1342,1090,73,300,539,19,136,0,2,21,3,3,98,3,300,2,0,31,0,73,277,0,0,0,71,79,235,0,0,1,9,12,71,256,0,29,0,9,30,84,246,3,25,0,1,16,11,89,271,0,19,74,286,1,18,14,84,265,1,1,111,517,1,0,1,1,2,0,0,0,113,437,1,0,84,484,1,54,226,15,1,57,217,15,0,60,203,10,1,63,198,8,1,53,198,1,51,201,39,1,73,213,0,1,61,185,32,1,86,585,4,0,4,1,0,0,78,99,470,6,5,0,35,71,518,2,46,60,496,0,6,38,202,0,0,43,218,0,0,49,206,0,29,40,197,2,0,4,2,0,18,40,197,0,49,185,18,5,0,14,35,206,6,0,,,,
2442837,0.25,1398,270531560,27053,27,2705343000,Minneapolis W-5 P-2,2972,2412,199,478,1133,30,512,2,8,50,1657,1505,113,423,627,24,280,2,4,32,4,7,148,0,426,2,0,67,0,101,385,0,3,0,99,108,343,0,0,4,39,0,99,391,0,0,9,22,50,112,364,0,26,0,0,21,25,120,383,0,38,118,390,2,28,34,109,364,2,1,148,772,0,1,1,6,0,3,0,0,123,654,6,0,118,705,11,68,320,21,1,74,303,33,1,64,306,20,2,70,308,12,1,64,286,1,59,295,53,0,78,322,0,2,63,308,0,1,95,729,1,0,7,1,3,0,75,116,621,2,9,0,38,83,656,0,0,92,657,2,12,56,272,0,0,58,292,0,0,58,284,2,20,48,279,4,0,3,5,2,14,56,277,0,57,257,18,14,0,12,50,282,5,0,,,,
2442893,0.22,1396,270531550,27053,27,2705343000,Minneapolis W-4 P-10,2627,2441,162,650,1200,48,336,0,8,37,1608,1556,89,568,677,34,174,0,2,12,10,8,143,3,526,0,0,59,0,111,489,0,5,0,90,112,446,0,0,2,52,0,100,479,0,0,11,27,58,144,415,0,32,4,0,32,22,146,459,2,30,124,502,1,36,34,120,446,4,3,181,845,1,0,1,5,1,2,2,0,153,755,1,0,133,806,3,94,451,10,3,107,418,31,3,87,429,18,5,96,419,14,3,100,404,4,89,381,76,3,105,450,0,4,85,434,0,4,109,797,1,0,4,2,2,0,76,124,684,9,5,0,46,100,717,4,0,99,738,4,14,69,358,0,0,72,392,0,0,76,390,1,28,79,356,3,0,3,5,1,15,77,360,1,75,352,20,11,0,20,66,367,6,0,,,,
2442940,0.37,1395,270531545,27053,27,2705343000,Minneapolis W-4 P-9,4182,3374,258,1033,1585,77,349,0,4,68,2589,2260,161,885,925,47,208,0,2,32,13,21,240,3,814,1,0,123,0,183,744,0,1,0,178,174,690,0,0,3,138,0,189,703,0,0,3,64,107,217,651,2,35,2,1,61,61,191,728,1,73,189,775,6,79,74,174,684,5,4,281,1318,1,1,2,13,2,3,1,0,246,1119,6,0,247,1179,11,133,725,34,0,159,670,59,0,145,684,30,1,146,678,30,1,137,659,1,118,638,129,2,155,719,0,3,123,680,0,4,172,1421,6,1,11,4,1,0,176,204,1172,9,9,0,95,174,1221,3,0,191,1255,5,22,118,650,2,0,132,684,1,0,135,676,2,66,121,633,7,3,7,4,1,34,121,653,0,129,632,44,13,0,25,112,676,5,0,,,,
2447258,0.25,1421,270531675,27053,27,2705343000,Minneapolis W-7 P-7,653,2295,60,1985,90,2,143,0,2,13,636,2189,53,1913,78,2,133,0,1,9,8,13,368,4,566,0,0,67,0,287,567,0,1,0,71,299,502,0,0,2,62,54,250,375,0,141,1,42,145,317,445,0,4,2,1,87,49,340,426,1,47,327,538,0,68,77,297,417,3,1,416,956,1,0,1,10,0,2,0,0,376,835,1,0,411,840,5,258,882,38,2,364,683,135,2,280,753,62,2,315,753,50,2,289,722,2,259,633,258,2,302,814,0,6,319,675,99,1,432,1396,0,0,8,10,2,0,225,561,1024,18,2,0,115,431,1166,4,122,412,1072,0,43,322,763,3,0,332,797,3,0,352,761,3,171,311,696,4,0,3,1,0,42,315,771,2,330,743,34,17,1,40,304,789,3,2,,,,
2447306,0.44,1386,270531500,27053,27,2705343000,Minneapolis W-3 P-9,2692,2130,221,346,1031,50,412,1,12,57,1453,1270,113,303,583,35,210,1,4,21,3,8,71,4,317,0,0,38,0,52,284,0,0,0,67,56,252,0,0,2,20,25,46,263,0,22,1,23,28,52,257,0,19,2,0,22,18,63,276,0,11,61,300,2,25,19,54,276,0,0,107,585,1,0,0,4,0,1,0,0,85,506,1,0,82,536,1,43,286,16,1,46,276,22,1,44,261,15,0,48,266,15,0,42,260,1,34,269,42,0,58,281,0,0,45,249,39,0,64,613,2,1,10,2,0,0,69,92,506,4,2,0,39,66,548,1,37,69,519,0,5,35,228,1,0,43,234,1,0,41,234,1,14,38,227,2,0,4,2,0,11,40,224,0,40,225,10,9,0,12,35,227,3,0,,,,
2447368,0.44,1405,270531595,27053,27,2705343000,Minneapolis W-5 P-9,109,774,22,671,50,3,27,0,1,0,105,749,22,650,47,3,26,0,1,0,0,0,14,0,29,0,0,9,0,12,18,0,0,0,3,13,22,0,0,0,9,1,9,17,0,0,0,9,5,13,16,0,0,0,0,11,0,11,16,0,1,9,28,0,7,4,9,17,0,0,33,118,0,0,0,3,0,1,0,0,34,100,0,0,33,109,0,31,156,9,0,59,113,25,0,42,131,9,0,44,130,12,0,40,126,0,34,121,40,0,43,144,0,0,41,132,10,0,108,341,0,0,8,2,0,0,56,137,258,3,0,0,28,105,291,0,40,92,266,0,11,76,215,0,0,86,218,0,0,88,212,0,53,76,188,0,0,1,3,0,12,80,215,0,77,198,12,5,0,16,71,213,0,0,,,,
2447423,0.47,1385,270531495,27053,27,2705343000,Minneapolis W-3 P-8,3548,2343,176,380,1188,59,454,0,9,77,1943,1477,96,333,708,42,258,0,2,38,7,9,103,0,395,2,2,39,0,70,365,0,2,0,83,78,309,0,0,1,37,23,63,308,0,30,1,28,37,91,295,3,32,8,1,28,22,83,340,2,38,80,349,2,31,40,75,326,1,2,129,751,0,0,5,5,1,2,1,0,128,628,3,0,102,671,5,74,324,22,1,70,311,34,0,69,299,21,1,73,304,17,0,60,298,0,62,299,54,0,77,330,0,2,60,292,48,0,98,737,2,0,7,3,0,0,59,120,622,7,5,0,35,89,644,3,45,87,595,0,11,46,269,0,0,58,271,4,0,60,263,0,14,59,272,1,1,1,4,0,17,53,263,1,54,248,18,7,1,10,50,262,6,2,,,,
2447491,0.60,1384,270531490,27053,27,2705343000,Minneapolis W-3 P-7,3658,3132,296,793,1404,81,486,2,17,53,2171,1956,173,679,766,53,255,2,11,17,10,4,197,4,597,1,2,90,0,153,534,0,2,0,135,139,498,0,0,2,93,0,146,519,0,0,5,40,77,158,476,1,33,2,2,56,40,172,509,0,62,142,566,1,58,49,148,503,3,2,216,1047,2,0,0,7,1,1,1,0,176,874,2,0,177,923,6,120,541,20,0,132,497,50,2,124,511,15,2,133,503,22,2,114,490,2,105,466,107,3,133,549,0,2,112,527,0,3,180,999,1,0,6,2,1,0,121,184,860,6,5,0,68,158,918,0,0,159,942,1,20,91,405,0,0,101,430,1,0,98,432,2,31,95,419,4,0,2,0,1,19,102,401,1,100,390,20,13,1,23,90,411,3,1,,,,
